timestamp,value,classification,date
1517463000,30,Fear,2018-02-01
1517549400,15,Extreme Fear,2018-02-02
1517635800,40,Fear,2018-02-03
1517722200,24,Extreme Fear,2018-02-04
1517808600,11,Extreme Fear,2018-02-05
1517895000,8,Extreme Fear,2018-02-06
1517981400,36,Fear,2018-02-07
1518067800,30,Fear,2018-02-08
1518154200,44,Fear,2018-02-09
1518240600,54,Neutral,2018-02-10
1518327000,31,Fear,2018-02-11
1518413400,42,Fear,2018-02-12
1518499800,35,Fear,2018-02-13
1518586200,55,Greed,2018-02-14
1518672600,71,Greed,2018-02-15
1518759000,67,Greed,2018-02-16
1518845400,74,Greed,2018-02-17
1518931800,63,Greed,2018-02-18
1519018200,67,Greed,2018-02-19
1519104600,74,Greed,2018-02-20
1519191000,54,Neutral,2018-02-21
1519277400,44,Fear,2018-02-22
1519363800,39,Fear,2018-02-23
1519450200,31,Fear,2018-02-24
1519536600,33,Fear,2018-02-25
1519623000,37,Fear,2018-02-26
1519709400,44,Fear,2018-02-27
1519795800,41,Fear,2018-02-28
1519882200,38,Fear,2018-03-01
1519968600,47,Neutral,2018-03-02
1520055000,56,Greed,2018-03-03
1520141400,44,Fear,2018-03-04
1520227800,55,Greed,2018-03-05
1520314200,59,Greed,2018-03-06
1520400600,37,Fear,2018-03-07
1520487000,39,Fear,2018-03-08
1520573400,37,Fear,2018-03-09
1520659800,39,Fear,2018-03-10
1520746200,40,Fear,2018-03-11
1520832600,41,Fear,2018-03-12
1520919000,41,Fear,2018-03-13
1521005400,40,Fear,2018-03-14
1521091800,32,Fear,2018-03-15
1521178200,33,Fear,2018-03-16
1521264600,31,Fear,2018-03-17
1521351000,29,Fear,2018-03-18
1521437400,29,Fear,2018-03-19
1521523800,37,Fear,2018-03-20
1521610200,36,Fear,2018-03-21
1521696600,36,Fear,2018-03-22
1521783000,28,Fear,2018-03-23
1521869400,32,Fear,2018-03-24
1521955800,30,Fear,2018-03-25
1522042200,31,Fear,2018-03-26
1522128600,24,Extreme Fear,2018-03-27
1522215000,24,Extreme Fear,2018-03-28
1522301400,18,Extreme Fear,2018-03-29
1522387800,12,Extreme Fear,2018-03-30
1522474200,16,Extreme Fear,2018-03-31
1522560600,16,Extreme Fear,2018-04-01
1522647000,11,Extreme Fear,2018-04-02
1522733400,22,Extreme Fear,2018-04-03
1522819800,22,Extreme Fear,2018-04-04
1522906200,17,Extreme Fear,2018-04-05
1522992600,19,Extreme Fear,2018-04-06
1523079000,20,Extreme Fear,2018-04-07
1523165400,17,Extreme Fear,2018-04-08
1523251800,21,Extreme Fear,2018-04-09
1523338200,18,Extreme Fear,2018-04-10
1523424600,20,Extreme Fear,2018-04-11
1523511000,18,Extreme Fear,2018-04-12
1523597400,23,Extreme Fear,2018-04-13
1523943000,26,Fear,2018-04-17
1524029400,24,Extreme Fear,2018-04-18
1524115800,25,Fear,2018-04-19
1524202200,26,Fear,2018-04-20
1524288600,32,Fear,2018-04-21
1524375000,31,Fear,2018-04-22
1524461400,28,Fear,2018-04-23
1524547800,29,Fear,2018-04-24
1524634200,64,Greed,2018-04-25
1524720600,47,Neutral,2018-04-26
1524807000,55,Greed,2018-04-27
1524893400,54,Neutral,2018-04-28
1524979800,61,Greed,2018-04-29
1525066200,59,Greed,2018-04-30
1525152600,56,Greed,2018-05-01
1525239000,52,Neutral,2018-05-02
1525325400,55,Greed,2018-05-03
1525411800,56,Greed,2018-05-04
1525498200,63,Greed,2018-05-05
1525584600,67,Greed,2018-05-06
1525671000,56,Greed,2018-05-07
1525757400,62,Greed,2018-05-08
1525843800,53,Neutral,2018-05-09
1525930200,63,Greed,2018-05-10
1526016600,41,Fear,2018-05-11
1526103000,44,Fear,2018-05-12
1526189400,40,Fear,2018-05-13
1526275800,40,Fear,2018-05-14
1526362200,40,Fear,2018-05-15
1526448600,32,Fear,2018-05-16
1526535000,31,Fear,2018-05-17
1526621400,37,Fear,2018-05-18
1526707800,31,Fear,2018-05-19
1526794200,32,Fear,2018-05-20
1526880600,41,Fear,2018-05-21
1526967000,30,Fear,2018-05-22
1527053400,26,Fear,2018-05-23
1527139800,27,Fear,2018-05-24
1527226200,25,Fear,2018-05-25
1527312600,23,Extreme Fear,2018-05-26
1527399000,19,Extreme Fear,2018-05-27
1527485400,22,Extreme Fear,2018-05-28
1527571800,16,Extreme Fear,2018-05-29
1527658200,38,Fear,2018-05-30
1527744600,25,Fear,2018-05-31
1527831000,24,Extreme Fear,2018-06-01
1527917400,27,Fear,2018-06-02
1528003800,40,Fear,2018-06-03
1528090200,41,Fear,2018-06-04
1528176600,26,Fear,2018-06-05
1528263000,42,Fear,2018-06-06
1528349400,38,Fear,2018-06-07
1528435800,40,Fear,2018-06-08
1528522200,39,Fear,2018-06-09
1528608600,24,Extreme Fear,2018-06-10
1528695000,15,Extreme Fear,2018-06-11
1528781400,19,Extreme Fear,2018-06-12
1528867800,19,Extreme Fear,2018-06-13
1528954200,17,Extreme Fear,2018-06-14
1529040600,26,Fear,2018-06-15
1529127000,22,Extreme Fear,2018-06-16
1529213400,23,Extreme Fear,2018-06-17
1529299800,27,Fear,2018-06-18
1529386200,32,Fear,2018-06-19
1529472600,34,Fear,2018-06-20
1529559000,37,Fear,2018-06-21
1529645400,28,Fear,2018-06-22
1529731800,17,Extreme Fear,2018-06-23
1529818200,15,Extreme Fear,2018-06-24
1529904600,16,Extreme Fear,2018-06-25
1529991000,21,Extreme Fear,2018-06-26
1530077400,18,Extreme Fear,2018-06-27
1530163800,20,Extreme Fear,2018-06-28
1530250200,16,Extreme Fear,2018-06-29
1530336600,22,Extreme Fear,2018-06-30
1530423000,27,Fear,2018-07-01
1530509400,27,Fear,2018-07-02
1530595800,31,Fear,2018-07-03
1530682200,33,Fear,2018-07-04
1530768600,37,Fear,2018-07-05
1530855000,34,Fear,2018-07-06
1530941400,34,Fear,2018-07-07
1531027800,38,Fear,2018-07-08
1531114200,39,Fear,2018-07-09
1531200600,37,Fear,2018-07-10
1531287000,29,Fear,2018-07-11
1531373400,33,Fear,2018-07-12
1531459800,29,Fear,2018-07-13
1531546200,29,Fear,2018-07-14
1531632600,32,Fear,2018-07-15
1531719000,36,Fear,2018-07-16
1531805400,39,Fear,2018-07-17
1531891800,42,Fear,2018-07-18
1531978200,44,Fear,2018-07-19
1532064600,47,Neutral,2018-07-20
1532151000,43,Fear,2018-07-21
1532237400,46,Neutral,2018-07-22
1532323800,44,Fear,2018-07-23
1532410200,49,Neutral,2018-07-24
1532496600,54,Neutral,2018-07-25
1532583000,53,Neutral,2018-07-26
1532669400,47,Neutral,2018-07-27
1532755800,54,Neutral,2018-07-28
1532842200,54,Neutral,2018-07-29
1532928600,53,Neutral,2018-07-30
1533015000,48,Neutral,2018-07-31
1533101400,39,Fear,2018-08-01
1533187800,39,Fear,2018-08-02
1533274200,36,Fear,2018-08-03
1533360600,31,Fear,2018-08-04
1533447000,23,Extreme Fear,2018-08-05
1533533400,25,Fear,2018-08-06
1533619800,25,Fear,2018-08-07
1533706200,23,Extreme Fear,2018-08-08
1533792600,19,Extreme Fear,2018-08-09
1533879000,21,Extreme Fear,2018-08-10
1533965400,18,Extreme Fear,2018-08-11
1534051800,18,Extreme Fear,2018-08-12
1534138200,21,Extreme Fear,2018-08-13
1534224600,16,Extreme Fear,2018-08-14
1534311000,18,Extreme Fear,2018-08-15
1534397400,21,Extreme Fear,2018-08-16
1534483800,19,Extreme Fear,2018-08-17
1534570200,24,Extreme Fear,2018-08-18
1534656600,27,Fear,2018-08-19
1534743000,26,Fear,2018-08-20
1534829400,19,Extreme Fear,2018-08-21
1534915800,21,Extreme Fear,2018-08-22
1535002200,18,Extreme Fear,2018-08-23
1535088600,19,Extreme Fear,2018-08-24
1535175000,22,Extreme Fear,2018-08-25
1535261400,19,Extreme Fear,2018-08-26
1535347800,18,Extreme Fear,2018-08-27
1535434200,19,Extreme Fear,2018-08-28
1535520600,19,Extreme Fear,2018-08-29
1535607000,22,Extreme Fear,2018-08-30
1535693400,17,Extreme Fear,2018-08-31
1535779800,21,Extreme Fear,2018-09-01
1535866200,18,Extreme Fear,2018-09-02
1535952600,19,Extreme Fear,2018-09-03
1536039000,26,Fear,2018-09-04
1536125400,17,Extreme Fear,2018-09-05
1536211800,14,Extreme Fear,2018-09-06
1536298200,17,Extreme Fear,2018-09-07
1536384600,18,Extreme Fear,2018-09-08
1536471000,13,Extreme Fear,2018-09-09
1536557400,15,Extreme Fear,2018-09-10
1536643800,18,Extreme Fear,2018-09-11
1536730200,14,Extreme Fear,2018-09-12
1536816600,20,Extreme Fear,2018-09-13
1536903000,23,Extreme Fear,2018-09-14
1536989400,24,Extreme Fear,2018-09-15
1537075800,28,Fear,2018-09-16
1537162200,25,Fear,2018-09-17
1537248600,21,Extreme Fear,2018-09-18
1537335000,24,Extreme Fear,2018-09-19
1537421400,24,Extreme Fear,2018-09-20
1537507800,31,Fear,2018-09-21
1537594200,35,Fear,2018-09-22
1537680600,38,Fear,2018-09-23
1537767000,43,Fear,2018-09-24
1537853400,37,Fear,2018-09-25
1537939800,37,Fear,2018-09-26
1538026200,42,Fear,2018-09-27
1538112600,42,Fear,2018-09-28
1538199000,37,Fear,2018-09-29
1538285400,34,Fear,2018-09-30
1538371800,35,Fear,2018-10-01
1538458200,33,Fear,2018-10-02
1538544600,36,Fear,2018-10-03
1538631000,29,Fear,2018-10-04
1538717400,37,Fear,2018-10-05
1538803800,34,Fear,2018-10-06
1538890200,29,Fear,2018-10-07
1538976600,26,Fear,2018-10-08
1539063000,31,Fear,2018-10-09
1539149400,28,Fear,2018-10-10
1539235800,19,Extreme Fear,2018-10-11
1539322200,13,Extreme Fear,2018-10-12
1539408600,15,Extreme Fear,2018-10-13
1539495000,18,Extreme Fear,2018-10-14
1539581400,20,Extreme Fear,2018-10-15
1539667800,24,Extreme Fear,2018-10-16
1539754200,23,Extreme Fear,2018-10-17
1539840600,26,Fear,2018-10-18
1539927000,24,Extreme Fear,2018-10-19
1540013400,21,Extreme Fear,2018-10-20
1540099800,21,Extreme Fear,2018-10-21
1540186200,27,Fear,2018-10-22
1540272600,24,Extreme Fear,2018-10-23
1540359000,23,Extreme Fear,2018-10-24
1540445400,25,Fear,2018-10-25
1540531800,29,Fear,2018-10-26
1540618200,33,Fear,2018-10-27
1540704600,35,Fear,2018-10-28
1540791000,34,Fear,2018-10-29
1540877400,31,Fear,2018-10-30
1540963800,32,Fear,2018-10-31
1541050200,29,Fear,2018-11-01
1541136600,36,Fear,2018-11-02
1541223000,36,Fear,2018-11-03
1541309400,41,Fear,2018-11-04
1541395800,42,Fear,2018-11-05
1541482200,42,Fear,2018-11-06
1541568600,48,Neutral,2018-11-07
1541655000,51,Neutral,2018-11-08
1541741400,47,Neutral,2018-11-09
1541827800,52,Neutral,2018-11-10
1541914200,54,Neutral,2018-11-11
1542000600,52,Neutral,2018-11-12
1542087000,56,Greed,2018-11-13
1542173400,49,Neutral,2018-11-14
1542259800,28,Fear,2018-11-15
1542346200,23,Extreme Fear,2018-11-16
1542432600,24,Extreme Fear,2018-11-17
1542519000,26,Fear,2018-11-18
1542605400,28,Fear,2018-11-19
1542691800,21,Extreme Fear,2018-11-20
1542778200,15,Extreme Fear,2018-11-21
1542864600,14,Extreme Fear,2018-11-22
1542951000,12,Extreme Fear,2018-11-23
1543037400,15,Extreme Fear,2018-11-24
1543123800,9,Extreme Fear,2018-11-25
1543210200,17,Extreme Fear,2018-11-26
1543296600,11,Extreme Fear,2018-11-27
1543383000,14,Extreme Fear,2018-11-28
1543469400,18,Extreme Fear,2018-11-29
1543555800,19,Extreme Fear,2018-11-30
1543642200,13,Extreme Fear,2018-12-01
1543728600,15,Extreme Fear,2018-12-02
1543815000,17,Extreme Fear,2018-12-03
1543901400,12,Extreme Fear,2018-12-04
1543987800,19,Extreme Fear,2018-12-05
1544074200,13,Extreme Fear,2018-12-06
1544160600,11,Extreme Fear,2018-12-07
1544247000,11,Extreme Fear,2018-12-08
1544333400,14,Extreme Fear,2018-12-09
1544419800,19,Extreme Fear,2018-12-10
1544506200,15,Extreme Fear,2018-12-11
1544592600,14,Extreme Fear,2018-12-12
1544679000,14,Extreme Fear,2018-12-13
1544765400,10,Extreme Fear,2018-12-14
1544851800,11,Extreme Fear,2018-12-15
1544938200,13,Extreme Fear,2018-12-16
1545024600,17,Extreme Fear,2018-12-17
1545111000,23,Extreme Fear,2018-12-18
1545197400,21,Extreme Fear,2018-12-19
1545283800,27,Fear,2018-12-20
1545370200,35,Fear,2018-12-21
1545456600,28,Fear,2018-12-22
1545543000,31,Fear,2018-12-23
1545629400,25,Fear,2018-12-24
1545715800,33,Fear,2018-12-25
1545802200,26,Fear,2018-12-26
1545888600,29,Fear,2018-12-27
1545975000,21,Extreme Fear,2018-12-28
1546061400,24,Extreme Fear,2018-12-29
1546147800,23,Extreme Fear,2018-12-30
1546234200,26,Fear,2018-12-31
1546320600,24,Extreme Fear,2019-01-01
1546407000,30,Fear,2019-01-02
1546493400,33,Fear,2019-01-03
1546579800,48,Neutral,2019-01-04
1546666200,36,Fear,2019-01-05
1546752600,31,Fear,2019-01-06
1546839000,39,Fear,2019-01-07
1546925400,39,Fear,2019-01-08
1547011800,42,Fear,2019-01-09
1547098200,37,Fear,2019-01-10
1547184600,19,Extreme Fear,2019-01-11
1547271000,22,Extreme Fear,2019-01-12
1547357400,21,Extreme Fear,2019-01-13
1547443800,16,Extreme Fear,2019-01-14
1547530200,27,Fear,2019-01-15
1547616600,24,Extreme Fear,2019-01-16
1547703000,28,Fear,2019-01-17
1547789400,29,Fear,2019-01-18
1547875800,31,Fear,2019-01-19
1547962200,35,Fear,2019-01-20
1548048600,30,Fear,2019-01-21
1548135000,27,Fear,2019-01-22
1548221400,33,Fear,2019-01-23
1548307800,37,Fear,2019-01-24
1548394200,35,Fear,2019-01-25
1548480600,41,Fear,2019-01-26
1548567000,39,Fear,2019-01-27
1548653400,35,Fear,2019-01-28
1548739800,21,Extreme Fear,2019-01-29
1548826200,22,Extreme Fear,2019-01-30
1548912600,17,Extreme Fear,2019-01-31
1548999000,23,Extreme Fear,2019-02-01
1549085400,22,Extreme Fear,2019-02-02
1549171800,19,Extreme Fear,2019-02-03
1549258200,27,Fear,2019-02-04
1549344600,21,Extreme Fear,2019-02-05
1549431000,14,Extreme Fear,2019-02-06
1549517400,18,Extreme Fear,2019-02-07
1549603800,37,Fear,2019-02-08
1549690200,42,Fear,2019-02-09
1549776600,40,Fear,2019-02-10
1549863000,46,Neutral,2019-02-11
1549949400,38,Fear,2019-02-12
1550035800,48,Neutral,2019-02-13
1550122200,48,Neutral,2019-02-14
1550208600,43,Fear,2019-02-15
1550295000,43,Fear,2019-02-16
1550381400,38,Fear,2019-02-17
1550467800,63,Greed,2019-02-18
1550554200,65,Greed,2019-02-19
1550640600,59,Greed,2019-02-20
1550727000,59,Greed,2019-02-21
1550813400,61,Greed,2019-02-22
1550899800,63,Greed,2019-02-23
1550986200,69,Greed,2019-02-24
1551072600,47,Neutral,2019-02-25
1551159000,40,Fear,2019-02-26
1551245400,39,Fear,2019-02-27
1551331800,39,Fear,2019-02-28
1551418200,42,Fear,2019-03-01
1551504600,41,Fear,2019-03-02
1551591000,44,Fear,2019-03-03
1551677400,36,Fear,2019-03-04
1551763800,35,Fear,2019-03-05
1551850200,42,Fear,2019-03-06
1551936600,56,Greed,2019-03-07
1552023000,54,Neutral,2019-03-08
1552109400,55,Greed,2019-03-09
1552195800,55,Greed,2019-03-10
1552282200,56,Greed,2019-03-11
1552368600,56,Greed,2019-03-12
1552455000,54,Neutral,2019-03-13
1552541400,55,Greed,2019-03-14
1552627800,55,Greed,2019-03-15
1552714200,54,Neutral,2019-03-16
1552800600,58,Greed,2019-03-17
1552887000,56,Greed,2019-03-18
1552973400,56,Greed,2019-03-19
1553059800,55,Greed,2019-03-20
1553146200,62,Greed,2019-03-21
1553232600,56,Greed,2019-03-22
1553319000,50,Neutral,2019-03-23
1553405400,44,Fear,2019-03-24
1553491800,46,Neutral,2019-03-25
1553578200,43,Fear,2019-03-26
1553664600,44,Fear,2019-03-27
1553751000,49,Neutral,2019-03-28
1553837400,50,Neutral,2019-03-29
1553923800,57,Greed,2019-03-30
1554010200,56,Greed,2019-03-31
1554096600,62,Greed,2019-04-01
1554183000,60,Greed,2019-04-02
1554269400,71,Greed,2019-04-03
1554355800,61,Greed,2019-04-04
1554442200,59,Greed,2019-04-05
1554528600,65,Greed,2019-04-06
1554615000,69,Greed,2019-04-07
1554701400,65,Greed,2019-04-08
1554787800,64,Greed,2019-04-09
1554874200,62,Greed,2019-04-10
1554960600,65,Greed,2019-04-11
1555047000,42,Fear,2019-04-12
1555133400,62,Greed,2019-04-13
1555219800,51,Neutral,2019-04-14
1555306200,60,Greed,2019-04-15
1555392600,50,Neutral,2019-04-16
1555479000,61,Greed,2019-04-17
1555565400,64,Greed,2019-04-18
1555651800,61,Greed,2019-04-19
1555738200,62,Greed,2019-04-20
1555824600,62,Greed,2019-04-21
1555911000,61,Greed,2019-04-22
1555997400,68,Greed,2019-04-23
1556083800,65,Greed,2019-04-24
1556170200,58,Greed,2019-04-25
1556256600,41,Fear,2019-04-26
1556343000,42,Fear,2019-04-27
1556429400,40,Fear,2019-04-28
1556515800,42,Fear,2019-04-29
1556602200,42,Fear,2019-04-30
1556688600,51,Neutral,2019-05-01
1556775000,50,Neutral,2019-05-02
1556861400,63,Greed,2019-05-03
1556947800,66,Greed,2019-05-04
1557034200,67,Greed,2019-05-05
1557120600,57,Greed,2019-05-06
1557207000,69,Greed,2019-05-07
1557293400,63,Greed,2019-05-08
1557379800,69,Greed,2019-05-09
1557466200,71,Greed,2019-05-10
1557552600,76,Extreme Greed,2019-05-11
1557639000,75,Extreme Greed,2019-05-12
1557725400,78,Extreme Greed,2019-05-13
1557811800,78,Extreme Greed,2019-05-14
1557898200,77,Extreme Greed,2019-05-15
1557984600,75,Extreme Greed,2019-05-16
1558071000,65,Greed,2019-05-17
1558157400,67,Greed,2019-05-18
1558243800,70,Greed,2019-05-19
1558330200,73,Greed,2019-05-20
1558416600,68,Greed,2019-05-21
1558503000,69,Greed,2019-05-22
1558589400,65,Greed,2019-05-23
1558675800,64,Greed,2019-05-24
1558762200,69,Greed,2019-05-25
1558848600,67,Greed,2019-05-26
1558935000,70,Greed,2019-05-27
1559021400,71,Greed,2019-05-28
1559107800,71,Greed,2019-05-29
1559194200,73,Greed,2019-05-30
1559280600,61,Greed,2019-05-31
1559367000,62,Greed,2019-06-01
1559453400,63,Greed,2019-06-02
1559539800,66,Greed,2019-06-03
1559626200,42,Fear,2019-06-04
1559712600,27,Fear,2019-06-05
1559799000,34,Fear,2019-06-06
1559885400,27,Fear,2019-06-07
1559971800,62,Greed,2019-06-08
1560058200,62,Greed,2019-06-09
1560144600,46,Neutral,2019-06-10
1560231000,61,Greed,2019-06-11
1560317400,60,Greed,2019-06-12
1560403800,63,Greed,2019-06-13
1560490200,67,Greed,2019-06-14
1560576600,75,Extreme Greed,2019-06-15
1560663000,80,Extreme Greed,2019-06-16
1560749400,84,Extreme Greed,2019-06-17
1560835800,83,Extreme Greed,2019-06-18
1560922200,82,Extreme Greed,2019-06-19
1561008600,81,Extreme Greed,2019-06-20
1561095000,84,Extreme Greed,2019-06-21
1561181400,83,Extreme Greed,2019-06-22
1561267800,84,Extreme Greed,2019-06-23
1561354200,80,Extreme Greed,2019-06-24
1561440600,87,Extreme Greed,2019-06-25
1561527000,95,Extreme Greed,2019-06-26
1561613400,92,Extreme Greed,2019-06-27
1561699800,62,Greed,2019-06-28
1561786200,74,Greed,2019-06-29
1561872600,78,Extreme Greed,2019-06-30
1561959000,65,Greed,2019-07-01
1562045400,63,Greed,2019-07-02
1562131800,79,Extreme Greed,2019-07-03
1562218200,76,Extreme Greed,2019-07-04
1562304600,67,Greed,2019-07-05
1562391000,72,Greed,2019-07-06
1562477400,67,Greed,2019-07-07
1562563800,74,Greed,2019-07-08
1562650200,84,Extreme Greed,2019-07-09
1562736600,83,Extreme Greed,2019-07-10
1562823000,62,Greed,2019-07-11
1562909400,33,Fear,2019-07-12
1562995800,65,Greed,2019-07-13
1563082200,61,Greed,2019-07-14
1563168600,16,Extreme Fear,2019-07-15
1563255000,34,Fear,2019-07-16
1563341400,19,Extreme Fear,2019-07-17
1563427800,40,Fear,2019-07-18
1563514200,42,Fear,2019-07-19
1563600600,34,Fear,2019-07-20
1563687000,42,Fear,2019-07-21
1563773400,42,Fear,2019-07-22
1563859800,40,Fear,2019-07-23
1563946200,20,Extreme Fear,2019-07-24
1564032600,42,Fear,2019-07-25
1564119000,24,Extreme Fear,2019-07-26
1564205400,47,Neutral,2019-07-27
1564291800,16,Extreme Fear,2019-07-28
1564378200,19,Extreme Fear,2019-07-29
1564464600,22,Extreme Fear,2019-07-30
1564551000,31,Fear,2019-07-31
1564637400,57,Greed,2019-08-01
1564723800,61,Greed,2019-08-02
1564810200,61,Greed,2019-08-03
1564896600,62,Greed,2019-08-04
1564983000,64,Greed,2019-08-05
1565069400,66,Greed,2019-08-06
1565155800,45,Neutral,2019-08-07
1565242200,61,Greed,2019-08-08
1565328600,60,Greed,2019-08-09
1565415000,59,Greed,2019-08-10
1565501400,45,Neutral,2019-08-11
1565587800,48,Neutral,2019-08-12
1565674200,45,Neutral,2019-08-13
1565760600,11,Extreme Fear,2019-08-14
1565847000,13,Extreme Fear,2019-08-15
1565933400,31,Fear,2019-08-16
1566019800,20,Extreme Fear,2019-08-17
1566106200,14,Extreme Fear,2019-08-18
1566192600,30,Fear,2019-08-19
1566279000,39,Fear,2019-08-20
1566365400,11,Extreme Fear,2019-08-21
1566451800,5,Extreme Fear,2019-08-22
1566538200,33,Fear,2019-08-23
1566624600,39,Fear,2019-08-24
1566711000,33,Fear,2019-08-25
1566797400,41,Fear,2019-08-26
1566883800,30,Fear,2019-08-27
1566970200,32,Fear,2019-08-28
1567056600,20,Extreme Fear,2019-08-29
1567143000,24,Extreme Fear,2019-08-30
1567229400,20,Extreme Fear,2019-08-31
1567315800,24,Extreme Fear,2019-09-01
1567402200,28,Fear,2019-09-02
1567488600,41,Fear,2019-09-03
1567575000,43,Fear,2019-09-04
1567661400,41,Fear,2019-09-05
1567747800,43,Fear,2019-09-06
1567834200,39,Fear,2019-09-07
1567920600,43,Fear,2019-09-08
1568007000,41,Fear,2019-09-09
1568093400,41,Fear,2019-09-10
1568179800,38,Fear,2019-09-11
1568266200,39,Fear,2019-09-12
1568352600,38,Fear,2019-09-13
1568439000,39,Fear,2019-09-14
1568525400,38,Fear,2019-09-15
1568611800,38,Fear,2019-09-16
1568698200,41,Fear,2019-09-17
1568784600,38,Fear,2019-09-18
1568871000,31,Fear,2019-09-19
1568957400,41,Fear,2019-09-20
1569043800,37,Fear,2019-09-21
1569130200,37,Fear,2019-09-22
1569216600,41,Fear,2019-09-23
1569303000,39,Fear,2019-09-24
1569389400,15,Extreme Fear,2019-09-25
1569475800,12,Extreme Fear,2019-09-26
1569562200,24,Extreme Fear,2019-09-27
1569648600,32,Fear,2019-09-28
1569735000,33,Fear,2019-09-29
1569821400,27,Fear,2019-09-30
1569907800,38,Fear,2019-10-01
1569994200,39,Fear,2019-10-02
1570080600,37,Fear,2019-10-03
1570167000,30,Fear,2019-10-04
1570253400,31,Fear,2019-10-05
1570339800,32,Fear,2019-10-06
1570426200,27,Fear,2019-10-07
1570512600,39,Fear,2019-10-08
1570599000,37,Fear,2019-10-09
1570685400,41,Fear,2019-10-10
1570771800,39,Fear,2019-10-11
1570858200,38,Fear,2019-10-12
1570944600,38,Fear,2019-10-13
1571031000,37,Fear,2019-10-14
1571117400,39,Fear,2019-10-15
1571203800,40,Fear,2019-10-16
1571290200,40,Fear,2019-10-17
1571376600,40,Fear,2019-10-18
1571463000,41,Fear,2019-10-19
1571549400,37,Fear,2019-10-20
1571635800,37,Fear,2019-10-21
1571722200,39,Fear,2019-10-22
1571808600,33,Fear,2019-10-23
1571895000,20,Extreme Fear,2019-10-24
1571981400,24,Extreme Fear,2019-10-25
1572067800,53,Neutral,2019-10-26
1572154200,50,Neutral,2019-10-27
1572240600,52,Neutral,2019-10-28
1572327000,54,Neutral,2019-10-29
1572413400,53,Neutral,2019-10-30
1572499800,50,Neutral,2019-10-31
1572586200,49,Neutral,2019-11-01
1572672600,51,Neutral,2019-11-02
1572759000,56,Greed,2019-11-03
1572845400,49,Neutral,2019-11-04
1572931800,54,Neutral,2019-11-05
1573018200,53,Neutral,2019-11-06
1573104600,54,Neutral,2019-11-07
1573191000,42,Fear,2019-11-08
1573277400,38,Fear,2019-11-09
1573363800,39,Fear,2019-11-10
1573450200,40,Fear,2019-11-11
1573536600,39,Fear,2019-11-12
1573623000,38,Fear,2019-11-13
1573709400,41,Fear,2019-11-14
1573795800,38,Fear,2019-11-15
1573882200,41,Fear,2019-11-16
1573968600,38,Fear,2019-11-17
1574055000,38,Fear,2019-11-18
1574141400,32,Fear,2019-11-19
1574227800,32,Fear,2019-11-20
1574314200,30,Fear,2019-11-21
1574400600,20,Extreme Fear,2019-11-22
1574487000,23,Extreme Fear,2019-11-23
1574573400,21,Extreme Fear,2019-11-24
1574659800,17,Extreme Fear,2019-11-25
1574746200,21,Extreme Fear,2019-11-26
1574832600,20,Extreme Fear,2019-11-27
1574919000,32,Fear,2019-11-28
1575005400,31,Fear,2019-11-29
1575091800,38,Fear,2019-11-30
1575178200,25,Fear,2019-12-01
1575264600,28,Fear,2019-12-02
1575351000,28,Fear,2019-12-03
1575437400,24,Extreme Fear,2019-12-04
1575523800,21,Extreme Fear,2019-12-05
1575610200,29,Fear,2019-12-06
1575696600,32,Fear,2019-12-07
1575783000,28,Fear,2019-12-08
1575869400,32,Fear,2019-12-09
1575955800,26,Fear,2019-12-10
1576042200,20,Extreme Fear,2019-12-11
1576128600,23,Extreme Fear,2019-12-12
1576215000,22,Extreme Fear,2019-12-13
1576301400,27,Fear,2019-12-14
1576387800,21,Extreme Fear,2019-12-15
1576474200,24,Extreme Fear,2019-12-16
1576560600,23,Extreme Fear,2019-12-17
1576647000,15,Extreme Fear,2019-12-18
1576733400,21,Extreme Fear,2019-12-19
1576819800,23,Extreme Fear,2019-12-20
1576906200,23,Extreme Fear,2019-12-21
1576992600,20,Extreme Fear,2019-12-22
1577079000,33,Fear,2019-12-23
1577165400,25,Fear,2019-12-24
1577251800,22,Extreme Fear,2019-12-25
1577338200,39,Fear,2019-12-26
1577424600,38,Fear,2019-12-27
1577511000,37,Fear,2019-12-28
1577597400,37,Fear,2019-12-29
1577683800,40,Fear,2019-12-30
1577770200,38,Fear,2019-12-31
1577856600,37,Fear,2020-01-01
1577943000,39,Fear,2020-01-02
1578029400,38,Fear,2020-01-03
1578115800,38,Fear,2020-01-04
1578202200,39,Fear,2020-01-05
1578288600,41,Fear,2020-01-06
1578375000,40,Fear,2020-01-07
1578461400,51,Neutral,2020-01-08
1578547800,44,Fear,2020-01-09
1578634200,41,Fear,2020-01-10
1578720600,50,Neutral,2020-01-11
1578807000,45,Neutral,2020-01-12
1578893400,49,Neutral,2020-01-13
1578979800,56,Greed,2020-01-14
1579066200,54,Neutral,2020-01-15
1579152600,55,Greed,2020-01-16
1579239000,54,Neutral,2020-01-17
1579325400,51,Neutral,2020-01-18
1579411800,53,Neutral,2020-01-19
1579498200,48,Neutral,2020-01-20
1579584600,49,Neutral,2020-01-21
1579671000,52,Neutral,2020-01-22
1579757400,49,Neutral,2020-01-23
1579843800,40,Fear,2020-01-24
1579930200,41,Fear,2020-01-25
1580016600,42,Fear,2020-01-26
1580103000,50,Neutral,2020-01-27
1580189400,54,Neutral,2020-01-28
1580275800,57,Greed,2020-01-29
1580362200,57,Greed,2020-01-30
1580448600,55,Greed,2020-01-31
1580535000,57,Greed,2020-02-01
1580621400,57,Greed,2020-02-02
1580707800,59,Greed,2020-02-03
1580794200,56,Greed,2020-02-04
1580880600,53,Neutral,2020-02-05
1580967000,61,Greed,2020-02-06
1581053400,56,Greed,2020-02-07
1581139800,56,Greed,2020-02-08
1581226200,56,Greed,2020-02-09
1581312600,57,Greed,2020-02-10
1581399000,52,Neutral,2020-02-11
1581485400,61,Greed,2020-02-12
1581571800,65,Greed,2020-02-13
1581658200,63,Greed,2020-02-14
1581744600,64,Greed,2020-02-15
1581831000,59,Greed,2020-02-16
1581917400,49,Neutral,2020-02-17
1582003800,53,Neutral,2020-02-18
1582090200,50,Neutral,2020-02-19
1582176600,44,Fear,2020-02-20
1582263000,44,Fear,2020-02-21
1582349400,43,Fear,2020-02-22
1582435800,46,Neutral,2020-02-23
1582522200,46,Neutral,2020-02-24
1582608600,44,Fear,2020-02-25
1582695000,41,Fear,2020-02-26
1582781400,39,Fear,2020-02-27
1582867800,40,Fear,2020-02-28
1582954200,38,Fear,2020-02-29
1583040600,39,Fear,2020-03-01
1583127000,38,Fear,2020-03-02
1583213400,38,Fear,2020-03-03
1583299800,40,Fear,2020-03-04
1583386200,41,Fear,2020-03-05
1583472600,39,Fear,2020-03-06
1583559000,38,Fear,2020-03-07
1583645400,33,Fear,2020-03-08
1583731800,17,Extreme Fear,2020-03-09
1583818200,16,Extreme Fear,2020-03-10
1583904600,17,Extreme Fear,2020-03-11
1583991000,14,Extreme Fear,2020-03-12
1584077400,10,Extreme Fear,2020-03-13
1584163800,8,Extreme Fear,2020-03-14
1584250200,12,Extreme Fear,2020-03-15
1584336600,9,Extreme Fear,2020-03-16
1584423000,8,Extreme Fear,2020-03-17
1584509400,11,Extreme Fear,2020-03-18
1584595800,12,Extreme Fear,2020-03-19
1584682200,9,Extreme Fear,2020-03-20
1584768600,9,Extreme Fear,2020-03-21
1584855000,11,Extreme Fear,2020-03-22
1584941400,10,Extreme Fear,2020-03-23
1585027800,12,Extreme Fear,2020-03-24
1585114200,13,Extreme Fear,2020-03-25
1585200600,14,Extreme Fear,2020-03-26
1585287000,12,Extreme Fear,2020-03-27
1585373400,8,Extreme Fear,2020-03-28
1585459800,12,Extreme Fear,2020-03-29
1585546200,10,Extreme Fear,2020-03-30
1585632600,12,Extreme Fear,2020-03-31
1585719000,12,Extreme Fear,2020-04-01
1585805400,14,Extreme Fear,2020-04-02
1585891800,14,Extreme Fear,2020-04-03
1585978200,12,Extreme Fear,2020-04-04
1586064600,12,Extreme Fear,2020-04-05
1586151000,12,Extreme Fear,2020-04-06
1586237400,20,Extreme Fear,2020-04-07
1586323800,21,Extreme Fear,2020-04-08
1586410200,22,Extreme Fear,2020-04-09
1586496600,15,Extreme Fear,2020-04-10
1586583000,15,Extreme Fear,2020-04-11
1586669400,10,Extreme Fear,2020-04-12
1586755800,11,Extreme Fear,2020-04-13
1586842200,15,Extreme Fear,2020-04-14
1586928600,18,Extreme Fear,2020-04-15
1587015000,13,Extreme Fear,2020-04-16
1587101400,15,Extreme Fear,2020-04-17
1587187800,18,Extreme Fear,2020-04-18
1587274200,16,Extreme Fear,2020-04-19
1587360600,15,Extreme Fear,2020-04-20
1587447000,17,Extreme Fear,2020-04-21
1587533400,19,Extreme Fear,2020-04-22
1587619800,19,Extreme Fear,2020-04-23
1587706200,20,Extreme Fear,2020-04-24
1587792600,24,Extreme Fear,2020-04-25
1587879000,21,Extreme Fear,2020-04-26
1587965400,28,Fear,2020-04-27
1588051800,26,Fear,2020-04-28
1588138200,26,Fear,2020-04-29
1588224600,44,Fear,2020-04-30
1588311000,40,Fear,2020-05-01
1588397400,40,Fear,2020-05-02
1588483800,45,Neutral,2020-05-03
1588570200,44,Fear,2020-05-04
1588656600,40,Fear,2020-05-05
1588743000,42,Fear,2020-05-06
1588829400,49,Neutral,2020-05-07
1588915800,55,Greed,2020-05-08
1589002200,56,Greed,2020-05-09
1589088600,48,Neutral,2020-05-10
1589175000,40,Fear,2020-05-11
1589261400,39,Fear,2020-05-12
1589347800,41,Fear,2020-05-13
1589434200,40,Fear,2020-05-14
1589520600,44,Fear,2020-05-15
1589607000,41,Fear,2020-05-16
1589693400,40,Fear,2020-05-17
1589779800,50,Neutral,2020-05-18
1589866200,50,Neutral,2020-05-19
1589952600,52,Neutral,2020-05-20
1590039000,49,Neutral,2020-05-21
1590125400,42,Fear,2020-05-22
1590211800,40,Fear,2020-05-23
1590298200,43,Fear,2020-05-24
1590384600,41,Fear,2020-05-25
1590471000,39,Fear,2020-05-26
1590557400,39,Fear,2020-05-27
1590643800,41,Fear,2020-05-28
1590730200,48,Neutral,2020-05-29
1590816600,48,Neutral,2020-05-30
1590903000,51,Neutral,2020-05-31
1590989400,50,Neutral,2020-06-01
1591075800,56,Greed,2020-06-02
1591162200,48,Neutral,2020-06-03
1591248600,54,Neutral,2020-06-04
1591335000,53,Neutral,2020-06-05
1591421400,54,Neutral,2020-06-06
1591507800,54,Neutral,2020-06-07
1591594200,53,Neutral,2020-06-08
1591680600,52,Neutral,2020-06-09
1591767000,54,Neutral,2020-06-10
1591853400,52,Neutral,2020-06-11
1591939800,38,Fear,2020-06-12
1592026200,38,Fear,2020-06-13
1592112600,40,Fear,2020-06-14
1592199000,37,Fear,2020-06-15
1592285400,39,Fear,2020-06-16
1592371800,38,Fear,2020-06-17
1592458200,40,Fear,2020-06-18
1592544600,39,Fear,2020-06-19
1592631000,38,Fear,2020-06-20
1592717400,37,Fear,2020-06-21
1592803800,38,Fear,2020-06-22
1592890200,41,Fear,2020-06-23
1592976600,50,Neutral,2020-06-24
1593063000,43,Fear,2020-06-25
1593149400,40,Fear,2020-06-26
1593235800,43,Fear,2020-06-27
1593322200,40,Fear,2020-06-28
1593408600,41,Fear,2020-06-29
1593495000,44,Fear,2020-06-30
1593581400,42,Fear,2020-07-01
1593667800,42,Fear,2020-07-02
1593754200,41,Fear,2020-07-03
1593840600,40,Fear,2020-07-04
1593927000,38,Fear,2020-07-05
1594013400,40,Fear,2020-07-06
1594099800,43,Fear,2020-07-07
1594186200,44,Fear,2020-07-08
1594272600,44,Fear,2020-07-09
1594359000,41,Fear,2020-07-10
1594445400,44,Fear,2020-07-11
1594531800,41,Fear,2020-07-12
1594618200,43,Fear,2020-07-13
1594704600,43,Fear,2020-07-14
1594791000,44,Fear,2020-07-15
1594877400,43,Fear,2020-07-16
1594963800,41,Fear,2020-07-17
1595050200,44,Fear,2020-07-18
1595136600,41,Fear,2020-07-19
1595223000,44,Fear,2020-07-20
1595309400,44,Fear,2020-07-21
1595395800,50,Neutral,2020-07-22
1595482200,55,Greed,2020-07-23
1595568600,53,Neutral,2020-07-24
1595655000,55,Greed,2020-07-25
1595741400,55,Greed,2020-07-26
1595827800,58,Greed,2020-07-27
1595914200,76,Extreme Greed,2020-07-28
1596000600,71,Greed,2020-07-29
1596087000,76,Extreme Greed,2020-07-30
1596173400,75,Extreme Greed,2020-07-31
1596259800,75,Extreme Greed,2020-08-01
1596346200,80,Extreme Greed,2020-08-02
1596432600,75,Extreme Greed,2020-08-03
1596519000,72,Greed,2020-08-04
1596605400,75,Extreme Greed,2020-08-05
1596691800,79,Extreme Greed,2020-08-06
1596778200,77,Extreme Greed,2020-08-07
1596864600,77,Extreme Greed,2020-08-08
1596951000,79,Extreme Greed,2020-08-09
1597037400,78,Extreme Greed,2020-08-10
1597123800,84,Extreme Greed,2020-08-11
1597210200,75,Extreme Greed,2020-08-12
1597296600,75,Extreme Greed,2020-08-13
1597383000,78,Extreme Greed,2020-08-14
1597469400,79,Extreme Greed,2020-08-15
1597555800,82,Extreme Greed,2020-08-16
1597642200,83,Extreme Greed,2020-08-17
1597728600,82,Extreme Greed,2020-08-18
1597815000,80,Extreme Greed,2020-08-19
1597901400,75,Extreme Greed,2020-08-20
1597987800,81,Extreme Greed,2020-08-21
1598074200,78,Extreme Greed,2020-08-22
1598160600,76,Extreme Greed,2020-08-23
1598247000,78,Extreme Greed,2020-08-24
1598333400,75,Extreme Greed,2020-08-25
1598419800,76,Extreme Greed,2020-08-26
1598506200,75,Extreme Greed,2020-08-27
1598592600,74,Greed,2020-08-28
1598679000,79,Extreme Greed,2020-08-29
1598765400,75,Extreme Greed,2020-08-30
1598851800,75,Extreme Greed,2020-08-31
1598938200,75,Extreme Greed,2020-09-01
1599024600,83,Extreme Greed,2020-09-02
1599111000,79,Extreme Greed,2020-09-03
1599197400,40,Fear,2020-09-04
1599283800,41,Fear,2020-09-05
1599370200,41,Fear,2020-09-06
1599456600,41,Fear,2020-09-07
1599543000,41,Fear,2020-09-08
1599629400,38,Fear,2020-09-09
1599715800,38,Fear,2020-09-10
1599802200,41,Fear,2020-09-11
1599888600,41,Fear,2020-09-12
1599975000,38,Fear,2020-09-13
1600061400,39,Fear,2020-09-14
1600147800,47,Neutral,2020-09-15
1600234200,43,Fear,2020-09-16
1600320600,48,Neutral,2020-09-17
1600407000,49,Neutral,2020-09-18
1600493400,48,Neutral,2020-09-19
1600579800,52,Neutral,2020-09-20
1600666200,48,Neutral,2020-09-21
1600752600,39,Fear,2020-09-22
1600839000,43,Fear,2020-09-23
1600925400,39,Fear,2020-09-24
1601011800,46,Neutral,2020-09-25
1601098200,45,Neutral,2020-09-26
1601184600,47,Neutral,2020-09-27
1601271000,43,Fear,2020-09-28
1601357400,45,Neutral,2020-09-29
1601443800,49,Neutral,2020-09-30
1601530200,45,Neutral,2020-10-01
1601616600,41,Fear,2020-10-02
1601703000,40,Fear,2020-10-03
1601789400,42,Fear,2020-10-04
1601875800,42,Fear,2020-10-05
1601962200,47,Neutral,2020-10-06
1602048600,43,Fear,2020-10-07
1602135000,46,Neutral,2020-10-08
1602221400,48,Neutral,2020-10-09
1602307800,53,Neutral,2020-10-10
1602394200,55,Greed,2020-10-11
1602480600,52,Neutral,2020-10-12
1602567000,56,Greed,2020-10-13
1602653400,53,Neutral,2020-10-14
1602739800,56,Greed,2020-10-15
1602826200,52,Neutral,2020-10-16
1602912600,56,Greed,2020-10-17
1602999000,55,Greed,2020-10-18
1603085400,55,Greed,2020-10-19
1603171800,56,Greed,2020-10-20
1603258200,61,Greed,2020-10-21
1603344600,73,Greed,2020-10-22
1603431000,74,Greed,2020-10-23
1603517400,73,Greed,2020-10-24
1603603800,76,Extreme Greed,2020-10-25
1603690200,75,Extreme Greed,2020-10-26
1603776600,61,Greed,2020-10-27
1603863000,70,Greed,2020-10-28
1603949400,67,Greed,2020-10-29
1604035800,74,Greed,2020-10-30
1604122200,73,Greed,2020-10-31
1604208600,72,Greed,2020-11-01
1604295000,71,Greed,2020-11-02
1604381400,71,Greed,2020-11-03
1604467800,74,Greed,2020-11-04
1604554200,72,Greed,2020-11-05
1604640600,90,Extreme Greed,2020-11-06
1604727000,88,Extreme Greed,2020-11-07
1604813400,82,Extreme Greed,2020-11-08
1604899800,90,Extreme Greed,2020-11-09
1604986200,90,Extreme Greed,2020-11-10
1605072600,86,Extreme Greed,2020-11-11
1605159000,87,Extreme Greed,2020-11-12
1605245400,89,Extreme Greed,2020-11-13
1605331800,90,Extreme Greed,2020-11-14
1605418200,86,Extreme Greed,2020-11-15
1605504600,90,Extreme Greed,2020-11-16
1605591000,86,Extreme Greed,2020-11-17
1605677400,91,Extreme Greed,2020-11-18
1605763800,94,Extreme Greed,2020-11-19
1605850200,86,Extreme Greed,2020-11-20
1605936600,91,Extreme Greed,2020-11-21
1606023000,94,Extreme Greed,2020-11-22
1606109400,90,Extreme Greed,2020-11-23
1606195800,88,Extreme Greed,2020-11-24
1606282200,94,Extreme Greed,2020-11-25
1606368600,93,Extreme Greed,2020-11-26
1606455000,86,Extreme Greed,2020-11-27
1606541400,87,Extreme Greed,2020-11-28
1606627800,89,Extreme Greed,2020-11-29
1606714200,88,Extreme Greed,2020-11-30
1606800600,95,Extreme Greed,2020-12-01
1606887000,92,Extreme Greed,2020-12-02
1606973400,92,Extreme Greed,2020-12-03
1607059800,92,Extreme Greed,2020-12-04
1607146200,93,Extreme Greed,2020-12-05
1607232600,95,Extreme Greed,2020-12-06
1607319000,94,Extreme Greed,2020-12-07
1607405400,95,Extreme Greed,2020-12-08
1607491800,86,Extreme Greed,2020-12-09
1607578200,94,Extreme Greed,2020-12-10
1607664600,89,Extreme Greed,2020-12-11
1607751000,90,Extreme Greed,2020-12-12
1607837400,91,Extreme Greed,2020-12-13
1607923800,95,Extreme Greed,2020-12-14
1608010200,91,Extreme Greed,2020-12-15
1608096600,92,Extreme Greed,2020-12-16
1608183000,92,Extreme Greed,2020-12-17
1608269400,95,Extreme Greed,2020-12-18
1608355800,93,Extreme Greed,2020-12-19
1608442200,92,Extreme Greed,2020-12-20
1608528600,92,Extreme Greed,2020-12-21
1608615000,88,Extreme Greed,2020-12-22
1608701400,93,Extreme Greed,2020-12-23
1608787800,86,Extreme Greed,2020-12-24
1608874200,94,Extreme Greed,2020-12-25
1608960600,93,Extreme Greed,2020-12-26
1609047000,91,Extreme Greed,2020-12-27
1609133400,92,Extreme Greed,2020-12-28
1609219800,91,Extreme Greed,2020-12-29
1609306200,91,Extreme Greed,2020-12-30
1609392600,95,Extreme Greed,2020-12-31
1609479000,94,Extreme Greed,2021-01-01
1609565400,94,Extreme Greed,2021-01-02
1609651800,93,Extreme Greed,2021-01-03
1609738200,94,Extreme Greed,2021-01-04
1609824600,93,Extreme Greed,2021-01-05
1609911000,95,Extreme Greed,2021-01-06
1609997400,91,Extreme Greed,2021-01-07
1610083800,93,Extreme Greed,2021-01-08
1610170200,93,Extreme Greed,2021-01-09
1610256600,94,Extreme Greed,2021-01-10
1610343000,90,Extreme Greed,2021-01-11
1610429400,84,Extreme Greed,2021-01-12
1610515800,78,Extreme Greed,2021-01-13
1610602200,83,Extreme Greed,2021-01-14
1610688600,88,Extreme Greed,2021-01-15
1610775000,84,Extreme Greed,2021-01-16
1610861400,79,Extreme Greed,2021-01-17
1610947800,79,Extreme Greed,2021-01-18
1611034200,80,Extreme Greed,2021-01-19
1611120600,78,Extreme Greed,2021-01-20
1611207000,75,Extreme Greed,2021-01-21
1611293400,40,Fear,2021-01-22
1611379800,74,Greed,2021-01-23
1611466200,70,Greed,2021-01-24
1611552600,74,Greed,2021-01-25
1611639000,71,Greed,2021-01-26
1611725400,78,Extreme Greed,2021-01-27
1611811800,55,Greed,2021-01-28
1611898200,77,Extreme Greed,2021-01-29
1611984600,76,Extreme Greed,2021-01-30
1612071000,78,Extreme Greed,2021-01-31
1612157400,77,Extreme Greed,2021-02-01
1612243800,76,Extreme Greed,2021-02-02
1612330200,78,Extreme Greed,2021-02-03
1612416600,80,Extreme Greed,2021-02-04
1612503000,81,Extreme Greed,2021-02-05
1612589400,84,Extreme Greed,2021-02-06
1612675800,86,Extreme Greed,2021-02-07
1612762200,83,Extreme Greed,2021-02-08
1612848600,95,Extreme Greed,2021-02-09
1612935000,92,Extreme Greed,2021-02-10
1613021400,93,Extreme Greed,2021-02-11
1613107800,92,Extreme Greed,2021-02-12
1613194200,92,Extreme Greed,2021-02-13
1613280600,95,Extreme Greed,2021-02-14
1613367000,93,Extreme Greed,2021-02-15
1613453400,95,Extreme Greed,2021-02-16
1613539800,95,Extreme Greed,2021-02-17
1613626200,91,Extreme Greed,2021-02-18
1613712600,93,Extreme Greed,2021-02-19
1613799000,91,Extreme Greed,2021-02-20
1613885400,91,Extreme Greed,2021-02-21
1613971800,94,Extreme Greed,2021-02-22
1614058200,94,Extreme Greed,2021-02-23
1614144600,76,Extreme Greed,2021-02-24
1614231000,79,Extreme Greed,2021-02-25
1614317400,55,Greed,2021-02-26
1614403800,56,Greed,2021-02-27
1614490200,55,Greed,2021-02-28
1614576600,38,Fear,2021-03-01
1614663000,78,Extreme Greed,2021-03-02
1614749400,78,Extreme Greed,2021-03-03
1614835800,84,Extreme Greed,2021-03-04
1614922200,77,Extreme Greed,2021-03-05
1615008600,77,Extreme Greed,2021-03-06
1615095000,76,Extreme Greed,2021-03-07
1615181400,81,Extreme Greed,2021-03-08
1615267800,81,Extreme Greed,2021-03-09
1615354200,68,Greed,2021-03-10
1615440600,73,Greed,2021-03-11
1615527000,70,Greed,2021-03-12
1615613400,74,Greed,2021-03-13
1615699800,78,Extreme Greed,2021-03-14
1615786200,76,Extreme Greed,2021-03-15
1615872600,71,Greed,2021-03-16
1615959000,71,Greed,2021-03-17
1616045400,72,Greed,2021-03-18
1616131800,71,Greed,2021-03-19
1616218200,75,Extreme Greed,2021-03-20
1616304600,73,Greed,2021-03-21
1616391000,70,Greed,2021-03-22
1616477400,66,Greed,2021-03-23
1616563800,65,Greed,2021-03-24
1616650200,60,Greed,2021-03-25
1616736600,54,Neutral,2021-03-26
1616823000,65,Greed,2021-03-27
1616909400,74,Greed,2021-03-28
1616995800,72,Greed,2021-03-29
1617082200,72,Greed,2021-03-30
1617168600,76,Extreme Greed,2021-03-31
1617255000,74,Greed,2021-04-01
1617341400,74,Greed,2021-04-02
1617427800,73,Greed,2021-04-03
1617514200,74,Greed,2021-04-04
1617600600,71,Greed,2021-04-05
1617687000,75,Extreme Greed,2021-04-06
1617773400,72,Greed,2021-04-07
1617859800,73,Greed,2021-04-08
1617946200,70,Greed,2021-04-09
1618032600,70,Greed,2021-04-10
1618119000,76,Extreme Greed,2021-04-11
1618205400,74,Greed,2021-04-12
1618291800,74,Greed,2021-04-13
1618378200,75,Extreme Greed,2021-04-14
1618464600,79,Extreme Greed,2021-04-15
1618551000,78,Extreme Greed,2021-04-16
1618637400,76,Extreme Greed,2021-04-17
1618723800,79,Extreme Greed,2021-04-18
1618810200,74,Greed,2021-04-19
1618896600,73,Greed,2021-04-20
1618983000,73,Greed,2021-04-21
1619069400,65,Greed,2021-04-22
1619155800,55,Greed,2021-04-23
1619242200,37,Fear,2021-04-24
1619328600,31,Fear,2021-04-25
1619415000,27,Fear,2021-04-26
1619501400,50,Neutral,2021-04-27
1619587800,59,Greed,2021-04-28
1619674200,52,Neutral,2021-04-29
1619760600,51,Neutral,2021-04-30
1619847000,68,Greed,2021-05-01
1619933400,66,Greed,2021-05-02
1620019800,61,Greed,2021-05-03
1620106200,68,Greed,2021-05-04
1620192600,48,Neutral,2021-05-05
1620279000,65,Greed,2021-05-06
1620365400,64,Greed,2021-05-07
1620451800,67,Greed,2021-05-08
1620538200,73,Greed,2021-05-09
1620624600,72,Greed,2021-05-10
1620711000,61,Greed,2021-05-11
1620797400,68,Greed,2021-05-12
1620883800,31,Fear,2021-05-13
1620970200,26,Fear,2021-05-14
1621056600,27,Fear,2021-05-15
1621143000,20,Extreme Fear,2021-05-16
1621229400,27,Fear,2021-05-17
1621315800,21,Extreme Fear,2021-05-18
1621402200,23,Extreme Fear,2021-05-19
1621488600,11,Extreme Fear,2021-05-20
1621575000,19,Extreme Fear,2021-05-21
1621661400,12,Extreme Fear,2021-05-22
1621747800,14,Extreme Fear,2021-05-23
1621834200,10,Extreme Fear,2021-05-24
1621920600,22,Extreme Fear,2021-05-25
1622007000,22,Extreme Fear,2021-05-26
1622093400,27,Fear,2021-05-27
1622179800,21,Extreme Fear,2021-05-28
1622266200,18,Extreme Fear,2021-05-29
1622352600,10,Extreme Fear,2021-05-30
1622439000,18,Extreme Fear,2021-05-31
1622525400,20,Extreme Fear,2021-06-01
1622611800,23,Extreme Fear,2021-06-02
1622698200,24,Extreme Fear,2021-06-03
1622784600,27,Fear,2021-06-04
1622871000,24,Extreme Fear,2021-06-05
1622957400,17,Extreme Fear,2021-06-06
1623043800,15,Extreme Fear,2021-06-07
1623130200,13,Extreme Fear,2021-06-08
1623216600,14,Extreme Fear,2021-06-09
1623303000,21,Extreme Fear,2021-06-10
1623389400,21,Extreme Fear,2021-06-11
1623475800,28,Fear,2021-06-12
1623562200,23,Extreme Fear,2021-06-13
1623648600,28,Fear,2021-06-14
1623735000,38,Fear,2021-06-15
1623821400,33,Fear,2021-06-16
1623907800,26,Fear,2021-06-17
1623994200,25,Fear,2021-06-18
1624080600,23,Extreme Fear,2021-06-19
1624167000,21,Extreme Fear,2021-06-20
1624253400,23,Extreme Fear,2021-06-21
1624339800,10,Extreme Fear,2021-06-22
1624426200,14,Extreme Fear,2021-06-23
1624512600,22,Extreme Fear,2021-06-24
1624599000,27,Fear,2021-06-25
1624685400,20,Extreme Fear,2021-06-26
1624771800,22,Extreme Fear,2021-06-27
1624858200,25,Fear,2021-06-28
1624944600,25,Fear,2021-06-29
1625031000,28,Fear,2021-06-30
1625117400,28,Fear,2021-07-01
1625203800,21,Extreme Fear,2021-07-02
1625290200,24,Extreme Fear,2021-07-03
1625376600,27,Fear,2021-07-04
1625463000,29,Fear,2021-07-05
1625549400,20,Extreme Fear,2021-07-06
1625635800,28,Fear,2021-07-07
1625722200,20,Extreme Fear,2021-07-08
1625808600,20,Extreme Fear,2021-07-09
1625895000,20,Extreme Fear,2021-07-10
1625981400,20,Extreme Fear,2021-07-11
1626067800,25,Fear,2021-07-12
1626154200,20,Extreme Fear,2021-07-13
1626240600,21,Extreme Fear,2021-07-14
1626327000,20,Extreme Fear,2021-07-15
1626413400,22,Extreme Fear,2021-07-16
1626499800,15,Extreme Fear,2021-07-17
1626586200,19,Extreme Fear,2021-07-18
1626672600,24,Extreme Fear,2021-07-19
1626759000,19,Extreme Fear,2021-07-20
1626845400,10,Extreme Fear,2021-07-21
1626931800,21,Extreme Fear,2021-07-22
1627018200,23,Extreme Fear,2021-07-23
1627104600,22,Extreme Fear,2021-07-24
1627191000,27,Fear,2021-07-25
1627277400,26,Fear,2021-07-26
1627363800,32,Fear,2021-07-27
1627450200,50,Neutral,2021-07-28
1627536600,50,Neutral,2021-07-29
1627623000,53,Neutral,2021-07-30
1627709400,60,Greed,2021-07-31
1627795800,60,Greed,2021-08-01
1627882200,48,Neutral,2021-08-02
1627968600,48,Neutral,2021-08-03
1628055000,42,Fear,2021-08-04
1628141400,50,Neutral,2021-08-05
1628227800,52,Neutral,2021-08-06
1628314200,69,Greed,2021-08-07
1628400600,74,Greed,2021-08-08
1628487000,65,Greed,2021-08-09
1628573400,71,Greed,2021-08-10
1628659800,70,Greed,2021-08-11
1628746200,70,Greed,2021-08-12
1628832600,70,Greed,2021-08-13
1628919000,76,Extreme Greed,2021-08-14
1629005400,71,Greed,2021-08-15
1629091800,72,Greed,2021-08-16
1629178200,72,Greed,2021-08-17
1629264600,73,Greed,2021-08-18
1629351000,70,Greed,2021-08-19
1629437400,70,Greed,2021-08-20
1629523800,78,Extreme Greed,2021-08-21
1629610200,76,Extreme Greed,2021-08-22
1629696600,79,Extreme Greed,2021-08-23
1629783000,79,Extreme Greed,2021-08-24
1629869400,73,Greed,2021-08-25
1629955800,75,Extreme Greed,2021-08-26
1630042200,71,Greed,2021-08-27
1630128600,78,Extreme Greed,2021-08-28
1630215000,72,Greed,2021-08-29
1630301400,73,Greed,2021-08-30
1630387800,73,Greed,2021-08-31
1630474200,71,Greed,2021-09-01
1630560600,74,Greed,2021-09-02
1630647000,74,Greed,2021-09-03
1630733400,72,Greed,2021-09-04
1630819800,73,Greed,2021-09-05
1630906200,79,Extreme Greed,2021-09-06
1630992600,79,Extreme Greed,2021-09-07
1631079000,47,Neutral,2021-09-08
1631165400,45,Neutral,2021-09-09
1631251800,46,Neutral,2021-09-10
1631338200,31,Fear,2021-09-11
1631424600,32,Fear,2021-09-12
1631511000,44,Fear,2021-09-13
1631597400,30,Fear,2021-09-14
1631683800,49,Neutral,2021-09-15
1631770200,53,Neutral,2021-09-16
1631856600,48,Neutral,2021-09-17
1631943000,50,Neutral,2021-09-18
1632029400,53,Neutral,2021-09-19
1632115800,50,Neutral,2021-09-20
1632202200,27,Fear,2021-09-21
1632288600,21,Extreme Fear,2021-09-22
1632375000,27,Fear,2021-09-23
1632461400,33,Fear,2021-09-24
1632547800,28,Fear,2021-09-25
1632634200,27,Fear,2021-09-26
1632720600,26,Fear,2021-09-27
1632807000,25,Fear,2021-09-28
1632893400,24,Extreme Fear,2021-09-29
1632979800,20,Extreme Fear,2021-09-30
1633066200,27,Fear,2021-10-01
1633152600,54,Neutral,2021-10-02
1633239000,49,Neutral,2021-10-03
1633325400,54,Neutral,2021-10-04
1633411800,59,Greed,2021-10-05
1633498200,68,Greed,2021-10-06
1633584600,76,Extreme Greed,2021-10-07
1633671000,74,Greed,2021-10-08
1633757400,72,Greed,2021-10-09
1633843800,71,Greed,2021-10-10
1633930200,71,Greed,2021-10-11
1634016600,78,Extreme Greed,2021-10-12
1634103000,70,Greed,2021-10-13
1634189400,70,Greed,2021-10-14
1634275800,71,Greed,2021-10-15
1634362200,78,Extreme Greed,2021-10-16
1634448600,79,Extreme Greed,2021-10-17
1634535000,78,Extreme Greed,2021-10-18
1634621400,75,Extreme Greed,2021-10-19
1634707800,82,Extreme Greed,2021-10-20
1634794200,84,Extreme Greed,2021-10-21
1634880600,75,Extreme Greed,2021-10-22
1634967000,74,Greed,2021-10-23
1635053400,73,Greed,2021-10-24
1635139800,72,Greed,2021-10-25
1635226200,76,Extreme Greed,2021-10-26
1635312600,73,Greed,2021-10-27
1635399000,66,Greed,2021-10-28
1635485400,70,Greed,2021-10-29
1635571800,73,Greed,2021-10-30
1635658200,74,Greed,2021-10-31
1635744600,74,Greed,2021-11-01
1635831000,73,Greed,2021-11-02
1635917400,76,Extreme Greed,2021-11-03
1636003800,73,Greed,2021-11-04
1636090200,73,Greed,2021-11-05
1636176600,71,Greed,2021-11-06
1636263000,73,Greed,2021-11-07
1636349400,75,Extreme Greed,2021-11-08
1636435800,84,Extreme Greed,2021-11-09
1636522200,75,Extreme Greed,2021-11-10
1636608600,77,Extreme Greed,2021-11-11
1636695000,74,Greed,2021-11-12
1636781400,72,Greed,2021-11-13
1636867800,74,Greed,2021-11-14
1636954200,72,Greed,2021-11-15
1637040600,71,Greed,2021-11-16
1637127000,52,Neutral,2021-11-17
1637213400,54,Neutral,2021-11-18
1637299800,34,Fear,2021-11-19
1637386200,43,Fear,2021-11-20
1637472600,49,Neutral,2021-11-21
1637559000,50,Neutral,2021-11-22
1637645400,33,Fear,2021-11-23
1637731800,42,Fear,2021-11-24
1637818200,32,Fear,2021-11-25
1637904600,47,Neutral,2021-11-26
1637991000,21,Extreme Fear,2021-11-27
1638077400,27,Fear,2021-11-28
1638163800,33,Fear,2021-11-29
1638250200,40,Fear,2021-11-30
1638336600,34,Fear,2021-12-01
1638423000,32,Fear,2021-12-02
1638509400,31,Fear,2021-12-03
1638595800,25,Fear,2021-12-04
1638682200,18,Extreme Fear,2021-12-05
1638768600,16,Extreme Fear,2021-12-06
1638855000,25,Fear,2021-12-07
1638941400,28,Fear,2021-12-08
1639027800,29,Fear,2021-12-09
1639114200,24,Extreme Fear,2021-12-10
1639200600,16,Extreme Fear,2021-12-11
1639287000,27,Fear,2021-12-12
1639373400,28,Fear,2021-12-13
1639459800,21,Extreme Fear,2021-12-14
1639546200,28,Fear,2021-12-15
1639632600,29,Fear,2021-12-16
1639719000,23,Extreme Fear,2021-12-17
1639805400,24,Extreme Fear,2021-12-18
1639891800,29,Fear,2021-12-19
1639978200,25,Fear,2021-12-20
1640064600,27,Fear,2021-12-21
1640151000,45,Neutral,2021-12-22
1640237400,34,Fear,2021-12-23
1640323800,41,Fear,2021-12-24
1640410200,39,Fear,2021-12-25
1640496600,37,Fear,2021-12-26
1640583000,40,Fear,2021-12-27
1640669400,41,Fear,2021-12-28
1640755800,27,Fear,2021-12-29
1640842200,22,Extreme Fear,2021-12-30
1640928600,28,Fear,2021-12-31
1641015000,21,Extreme Fear,2022-01-01
1641101400,29,Fear,2022-01-02
1641187800,29,Fear,2022-01-03
1641274200,23,Extreme Fear,2022-01-04
1641360600,24,Extreme Fear,2022-01-05
1641447000,15,Extreme Fear,2022-01-06
1641533400,18,Extreme Fear,2022-01-07
1641619800,10,Extreme Fear,2022-01-08
1641706200,23,Extreme Fear,2022-01-09
1641792600,23,Extreme Fear,2022-01-10
1641879000,21,Extreme Fear,2022-01-11
1641965400,22,Extreme Fear,2022-01-12
1642051800,21,Extreme Fear,2022-01-13
1642138200,21,Extreme Fear,2022-01-14
1642224600,23,Extreme Fear,2022-01-15
1642311000,21,Extreme Fear,2022-01-16
1642397400,22,Extreme Fear,2022-01-17
1642483800,24,Extreme Fear,2022-01-18
1642570200,24,Extreme Fear,2022-01-19
1642656600,24,Extreme Fear,2022-01-20
1642743000,19,Extreme Fear,2022-01-21
1642829400,13,Extreme Fear,2022-01-22
1642915800,11,Extreme Fear,2022-01-23
1643002200,13,Extreme Fear,2022-01-24
1643088600,12,Extreme Fear,2022-01-25
1643175000,23,Extreme Fear,2022-01-26
1643261400,20,Extreme Fear,2022-01-27
1643347800,24,Extreme Fear,2022-01-28
1643434200,24,Extreme Fear,2022-01-29
1643520600,29,Fear,2022-01-30
1643607000,20,Extreme Fear,2022-01-31
1643693400,26,Fear,2022-02-01
1643779800,28,Fear,2022-02-02
1643866200,20,Extreme Fear,2022-02-03
1643952600,20,Extreme Fear,2022-02-04
1644039000,33,Fear,2022-02-05
1644125400,37,Fear,2022-02-06
1644211800,45,Neutral,2022-02-07
1644298200,48,Neutral,2022-02-08
1644384600,54,Neutral,2022-02-09
1644471000,50,Neutral,2022-02-10
1644557400,50,Neutral,2022-02-11
1644643800,44,Fear,2022-02-12
1644730200,44,Fear,2022-02-13
1644816600,46,Neutral,2022-02-14
1644903000,46,Neutral,2022-02-15
1644989400,51,Neutral,2022-02-16
1645075800,52,Neutral,2022-02-17
1645162200,30,Fear,2022-02-18
1645248600,25,Fear,2022-02-19
1645335000,27,Fear,2022-02-20
1645421400,25,Fear,2022-02-21
1645507800,20,Extreme Fear,2022-02-22
1645594200,25,Fear,2022-02-23
1645680600,23,Extreme Fear,2022-02-24
1645767000,27,Fear,2022-02-25
1645853400,26,Fear,2022-02-26
1645939800,26,Fear,2022-02-27
1646026200,20,Extreme Fear,2022-02-28
1646112600,51,Neutral,2022-03-01
1646199000,52,Neutral,2022-03-02
1646285400,39,Fear,2022-03-03
1646371800,33,Fear,2022-03-04
1646458200,22,Extreme Fear,2022-03-05
1646544600,22,Extreme Fear,2022-03-06
1646631000,23,Extreme Fear,2022-03-07
1646717400,21,Extreme Fear,2022-03-08
1646803800,22,Extreme Fear,2022-03-09
1646890200,28,Fear,2022-03-10
1646976600,22,Extreme Fear,2022-03-11
1647063000,22,Extreme Fear,2022-03-12
1647149400,21,Extreme Fear,2022-03-13
1647235800,23,Extreme Fear,2022-03-14
1647322200,21,Extreme Fear,2022-03-15
1647408600,24,Extreme Fear,2022-03-16
1647495000,27,Fear,2022-03-17
1647581400,25,Fear,2022-03-18
1647667800,28,Fear,2022-03-19
1647754200,31,Fear,2022-03-20
1647840600,30,Fear,2022-03-21
1647927000,26,Fear,2022-03-22
1648013400,31,Fear,2022-03-23
1648099800,40,Fear,2022-03-24
1648186200,47,Neutral,2022-03-25
1648272600,51,Neutral,2022-03-26
1648359000,49,Neutral,2022-03-27
1648445400,60,Greed,2022-03-28
1648531800,56,Greed,2022-03-29
1648618200,55,Greed,2022-03-30
1648704600,52,Neutral,2022-03-31
1648791000,50,Neutral,2022-04-01
1648877400,52,Neutral,2022-04-02
1648963800,48,Neutral,2022-04-03
1649050200,52,Neutral,2022-04-04
1649136600,53,Neutral,2022-04-05
1649223000,48,Neutral,2022-04-06
1649309400,34,Fear,2022-04-07
1649395800,37,Fear,2022-04-08
1649482200,30,Fear,2022-04-09
1649568600,34,Fear,2022-04-10
1649655000,32,Fear,2022-04-11
1649741400,20,Extreme Fear,2022-04-12
1649827800,25,Fear,2022-04-13
1649914200,28,Fear,2022-04-14
1650000600,22,Extreme Fear,2022-04-15
1650087000,28,Fear,2022-04-16
1650173400,28,Fear,2022-04-17
1650259800,24,Extreme Fear,2022-04-18
1650346200,27,Fear,2022-04-19
1650432600,27,Fear,2022-04-20
1650519000,27,Fear,2022-04-21
1650605400,26,Fear,2022-04-22
1650691800,24,Extreme Fear,2022-04-23
1650778200,24,Extreme Fear,2022-04-24
1650864600,23,Extreme Fear,2022-04-25
1650951000,27,Fear,2022-04-26
1651037400,21,Extreme Fear,2022-04-27
1651123800,24,Extreme Fear,2022-04-28
1651210200,23,Extreme Fear,2022-04-29
1651296600,20,Extreme Fear,2022-04-30
1651383000,22,Extreme Fear,2022-05-01
1651469400,28,Fear,2022-05-02
1651555800,27,Fear,2022-05-03
1651642200,21,Extreme Fear,2022-05-04
1651728600,27,Fear,2022-05-05
1651815000,22,Extreme Fear,2022-05-06
1651901400,23,Extreme Fear,2022-05-07
1651987800,18,Extreme Fear,2022-05-08
1652074200,11,Extreme Fear,2022-05-09
1652160600,10,Extreme Fear,2022-05-10
1652247000,12,Extreme Fear,2022-05-11
1652333400,12,Extreme Fear,2022-05-12
1652419800,10,Extreme Fear,2022-05-13
1652506200,9,Extreme Fear,2022-05-14
1652592600,10,Extreme Fear,2022-05-15
1652679000,14,Extreme Fear,2022-05-16
1652765400,8,Extreme Fear,2022-05-17
1652851800,12,Extreme Fear,2022-05-18
1652938200,13,Extreme Fear,2022-05-19
1653024600,13,Extreme Fear,2022-05-20
1653111000,13,Extreme Fear,2022-05-21
1653197400,14,Extreme Fear,2022-05-22
1653283800,10,Extreme Fear,2022-05-23
1653370200,12,Extreme Fear,2022-05-24
1653456600,11,Extreme Fear,2022-05-25
1653543000,12,Extreme Fear,2022-05-26
1653629400,12,Extreme Fear,2022-05-27
1653715800,13,Extreme Fear,2022-05-28
1653802200,14,Extreme Fear,2022-05-29
1653888600,10,Extreme Fear,2022-05-30
1653975000,16,Extreme Fear,2022-05-31
1654061400,17,Extreme Fear,2022-06-01
1654147800,13,Extreme Fear,2022-06-02
1654234200,10,Extreme Fear,2022-06-03
1654320600,14,Extreme Fear,2022-06-04
1654407000,10,Extreme Fear,2022-06-05
1654493400,13,Extreme Fear,2022-06-06
1654579800,15,Extreme Fear,2022-06-07
1654666200,17,Extreme Fear,2022-06-08
1654752600,11,Extreme Fear,2022-06-09
1654839000,13,Extreme Fear,2022-06-10
1654925400,12,Extreme Fear,2022-06-11
1655011800,14,Extreme Fear,2022-06-12
1655098200,11,Extreme Fear,2022-06-13
1655184600,8,Extreme Fear,2022-06-14
1655271000,7,Extreme Fear,2022-06-15
1655357400,7,Extreme Fear,2022-06-16
1655443800,9,Extreme Fear,2022-06-17
1655530200,6,Extreme Fear,2022-06-18
1655616600,6,Extreme Fear,2022-06-19
1655703000,9,Extreme Fear,2022-06-20
1655789400,9,Extreme Fear,2022-06-21
1655875800,11,Extreme Fear,2022-06-22
1655962200,11,Extreme Fear,2022-06-23
1656048600,11,Extreme Fear,2022-06-24
1656135000,14,Extreme Fear,2022-06-25
1656221400,14,Extreme Fear,2022-06-26
1656307800,12,Extreme Fear,2022-06-27
1656394200,10,Extreme Fear,2022-06-28
1656480600,13,Extreme Fear,2022-06-29
1656567000,11,Extreme Fear,2022-06-30
1656653400,11,Extreme Fear,2022-07-01
1656739800,14,Extreme Fear,2022-07-02
1656826200,11,Extreme Fear,2022-07-03
1656912600,14,Extreme Fear,2022-07-04
1656999000,19,Extreme Fear,2022-07-05
1657085400,18,Extreme Fear,2022-07-06
1657171800,18,Extreme Fear,2022-07-07
1657258200,20,Extreme Fear,2022-07-08
1657344600,24,Extreme Fear,2022-07-09
1657431000,24,Extreme Fear,2022-07-10
1657517400,22,Extreme Fear,2022-07-11
1657603800,16,Extreme Fear,2022-07-12
1657690200,15,Extreme Fear,2022-07-13
1657776600,18,Extreme Fear,2022-07-14
1657863000,15,Extreme Fear,2022-07-15
1657949400,21,Extreme Fear,2022-07-16
1658035800,24,Extreme Fear,2022-07-17
1658122200,20,Extreme Fear,2022-07-18
1658208600,30,Fear,2022-07-19
1658295000,31,Fear,2022-07-20
1658381400,34,Fear,2022-07-21
1658467800,33,Fear,2022-07-22
1658554200,31,Fear,2022-07-23
1658640600,30,Fear,2022-07-24
1658727000,30,Fear,2022-07-25
1658813400,26,Fear,2022-07-26
1658899800,28,Fear,2022-07-27
1658986200,32,Fear,2022-07-28
1659072600,39,Fear,2022-07-29
1659159000,42,Fear,2022-07-30
1659245400,39,Fear,2022-07-31
1659331800,33,Fear,2022-08-01
1659418200,31,Fear,2022-08-02
1659504600,34,Fear,2022-08-03
1659591000,30,Fear,2022-08-04
1659677400,31,Fear,2022-08-05
1659763800,31,Fear,2022-08-06
1659850200,30,Fear,2022-08-07
1659936600,30,Fear,2022-08-08
1660023000,42,Fear,2022-08-09
1660109400,31,Fear,2022-08-10
1660195800,41,Fear,2022-08-11
1660282200,42,Fear,2022-08-12
1660368600,46,Neutral,2022-08-13
1660455000,47,Neutral,2022-08-14
1660541400,45,Neutral,2022-08-15
1660627800,44,Fear,2022-08-16
1660714200,41,Fear,2022-08-17
1660800600,30,Fear,2022-08-18
1660887000,33,Fear,2022-08-19
1660973400,29,Fear,2022-08-20
1661059800,27,Fear,2022-08-21
1661146200,29,Fear,2022-08-22
1661232600,28,Fear,2022-08-23
1661319000,25,Fear,2022-08-24
1661405400,25,Fear,2022-08-25
1661491800,27,Fear,2022-08-26
1661578200,28,Fear,2022-08-27
1661664600,28,Fear,2022-08-28
1661751000,24,Extreme Fear,2022-08-29
1661837400,27,Fear,2022-08-30
1661923800,23,Extreme Fear,2022-08-31
1662010200,20,Extreme Fear,2022-09-01
1662096600,25,Fear,2022-09-02
1662183000,21,Extreme Fear,2022-09-03
1662269400,20,Extreme Fear,2022-09-04
1662355800,23,Extreme Fear,2022-09-05
1662442200,22,Extreme Fear,2022-09-06
1662528600,24,Extreme Fear,2022-09-07
1662615000,20,Extreme Fear,2022-09-08
1662701400,22,Extreme Fear,2022-09-09
1662787800,28,Fear,2022-09-10
1662874200,26,Fear,2022-09-11
1662960600,25,Fear,2022-09-12
1663047000,34,Fear,2022-09-13
1663133400,27,Fear,2022-09-14
1663219800,28,Fear,2022-09-15
1663306200,20,Extreme Fear,2022-09-16
1663392600,22,Extreme Fear,2022-09-17
1663479000,27,Fear,2022-09-18
1663565400,21,Extreme Fear,2022-09-19
1663651800,23,Extreme Fear,2022-09-20
1663738200,23,Extreme Fear,2022-09-21
1663824600,22,Extreme Fear,2022-09-22
1663911000,20,Extreme Fear,2022-09-23
1663997400,24,Extreme Fear,2022-09-24
1664083800,24,Extreme Fear,2022-09-25
1664170200,21,Extreme Fear,2022-09-26
1664256600,20,Extreme Fear,2022-09-27
1664343000,20,Extreme Fear,2022-09-28
1664429400,22,Extreme Fear,2022-09-29
1664515800,21,Extreme Fear,2022-09-30
1664602200,20,Extreme Fear,2022-10-01
1664688600,24,Extreme Fear,2022-10-02
1664775000,24,Extreme Fear,2022-10-03
1664861400,20,Extreme Fear,2022-10-04
1664947800,25,Fear,2022-10-05
1665034200,26,Fear,2022-10-06
1665120600,23,Extreme Fear,2022-10-07
1665207000,24,Extreme Fear,2022-10-08
1665293400,22,Extreme Fear,2022-10-09
1665379800,22,Extreme Fear,2022-10-10
1665466200,24,Extreme Fear,2022-10-11
1665552600,20,Extreme Fear,2022-10-12
1665639000,20,Extreme Fear,2022-10-13
1665725400,24,Extreme Fear,2022-10-14
1665811800,24,Extreme Fear,2022-10-15
1665898200,24,Extreme Fear,2022-10-16
1665984600,20,Extreme Fear,2022-10-17
1666071000,22,Extreme Fear,2022-10-18
1666157400,23,Extreme Fear,2022-10-19
1666243800,23,Extreme Fear,2022-10-20
1666330200,23,Extreme Fear,2022-10-21
1666416600,20,Extreme Fear,2022-10-22
1666503000,23,Extreme Fear,2022-10-23
1666589400,22,Extreme Fear,2022-10-24
1666675800,20,Extreme Fear,2022-10-25
1666762200,33,Fear,2022-10-26
1666848600,32,Fear,2022-10-27
1666935000,30,Fear,2022-10-28
1667021400,34,Fear,2022-10-29
1667107800,34,Fear,2022-10-30
1667194200,31,Fear,2022-10-31
1667280600,30,Fear,2022-11-01
1667367000,30,Fear,2022-11-02
1667453400,30,Fear,2022-11-03
1667539800,30,Fear,2022-11-04
1667626200,38,Fear,2022-11-05
1667712600,40,Fear,2022-11-06
1667799000,33,Fear,2022-11-07
1667885400,31,Fear,2022-11-08
1667971800,29,Fear,2022-11-09
1668058200,22,Extreme Fear,2022-11-10
1668144600,25,Fear,2022-11-11
1668231000,21,Extreme Fear,2022-11-12
1668317400,22,Extreme Fear,2022-11-13
1668403800,24,Extreme Fear,2022-11-14
1668490200,22,Extreme Fear,2022-11-15
1668576600,23,Extreme Fear,2022-11-16
1668663000,20,Extreme Fear,2022-11-17
1668749400,23,Extreme Fear,2022-11-18
1668835800,23,Extreme Fear,2022-11-19
1668922200,24,Extreme Fear,2022-11-20
1669008600,21,Extreme Fear,2022-11-21
1669095000,22,Extreme Fear,2022-11-22
1669181400,22,Extreme Fear,2022-11-23
1669267800,20,Extreme Fear,2022-11-24
1669354200,20,Extreme Fear,2022-11-25
1669440600,22,Extreme Fear,2022-11-26
1669527000,26,Fear,2022-11-27
1669613400,28,Fear,2022-11-28
1669699800,26,Fear,2022-11-29
1669786200,29,Fear,2022-11-30
1669872600,27,Fear,2022-12-01
1669959000,27,Fear,2022-12-02
1670045400,27,Fear,2022-12-03
1670131800,26,Fear,2022-12-04
1670218200,26,Fear,2022-12-05
1670304600,25,Fear,2022-12-06
1670391000,29,Fear,2022-12-07
1670477400,25,Fear,2022-12-08
1670563800,26,Fear,2022-12-09
1670650200,27,Fear,2022-12-10
1670736600,26,Fear,2022-12-11
1670823000,27,Fear,2022-12-12
1670909400,27,Fear,2022-12-13
1670995800,30,Fear,2022-12-14
1671082200,31,Fear,2022-12-15
1671168600,29,Fear,2022-12-16
1671255000,28,Fear,2022-12-17
1671341400,26,Fear,2022-12-18
1671427800,29,Fear,2022-12-19
1671514200,29,Fear,2022-12-20
1671600600,26,Fear,2022-12-21
1671687000,28,Fear,2022-12-22
1671773400,27,Fear,2022-12-23
1671859800,29,Fear,2022-12-24
1671946200,29,Fear,2022-12-25
1672032600,28,Fear,2022-12-26
1672119000,27,Fear,2022-12-27
1672205400,28,Fear,2022-12-28
1672291800,28,Fear,2022-12-29
1672378200,28,Fear,2022-12-30
1672464600,25,Fear,2022-12-31
1672551000,26,Fear,2023-01-01
1672637400,27,Fear,2023-01-02
1672723800,26,Fear,2023-01-03
1672810200,29,Fear,2023-01-04
1672896600,29,Fear,2023-01-05
1672983000,26,Fear,2023-01-06
1673069400,25,Fear,2023-01-07
1673155800,25,Fear,2023-01-08
1673242200,25,Fear,2023-01-09
1673328600,26,Fear,2023-01-10
1673415000,26,Fear,2023-01-11
1673501400,30,Fear,2023-01-12
1673587800,31,Fear,2023-01-13
1673674200,46,Neutral,2023-01-14
1673760600,52,Neutral,2023-01-15
1673847000,45,Neutral,2023-01-16
1673933400,51,Neutral,2023-01-17
1674019800,52,Neutral,2023-01-18
1674106200,45,Neutral,2023-01-19
1674192600,51,Neutral,2023-01-20
1674279000,53,Neutral,2023-01-21
1674365400,53,Neutral,2023-01-22
1674451800,50,Neutral,2023-01-23
1674538200,52,Neutral,2023-01-24
1674624600,51,Neutral,2023-01-25
1674711000,54,Neutral,2023-01-26
1674797400,55,Greed,2023-01-27
1674883800,52,Neutral,2023-01-28
1674970200,55,Greed,2023-01-29
1675056600,61,Greed,2023-01-30
1675143000,51,Neutral,2023-01-31
1675229400,56,Greed,2023-02-01
1675315800,60,Greed,2023-02-02
1675402200,60,Greed,2023-02-03
1675488600,58,Greed,2023-02-04
1675575000,58,Greed,2023-02-05
1675661400,56,Greed,2023-02-06
1675747800,54,Neutral,2023-02-07
1675834200,58,Greed,2023-02-08
1675920600,55,Greed,2023-02-09
1676007000,48,Neutral,2023-02-10
1676093400,49,Neutral,2023-02-11
1676179800,50,Neutral,2023-02-12
1676266200,48,Neutral,2023-02-13
1676352600,50,Neutral,2023-02-14
1676439000,53,Neutral,2023-02-15
1676525400,62,Greed,2023-02-16
1676611800,61,Greed,2023-02-17
1676698200,60,Greed,2023-02-18
1676784600,60,Greed,2023-02-19
1676871000,58,Greed,2023-02-20
1676957400,60,Greed,2023-02-21
1677043800,59,Greed,2023-02-22
1677130200,56,Greed,2023-02-23
1677216600,53,Neutral,2023-02-24
1677303000,52,Neutral,2023-02-25
1677389400,51,Neutral,2023-02-26
1677475800,50,Neutral,2023-02-27
1677562200,53,Neutral,2023-02-28
1677648600,50,Neutral,2023-03-01
1677735000,51,Neutral,2023-03-02
1677821400,50,Neutral,2023-03-03
1677907800,50,Neutral,2023-03-04
1677994200,47,Neutral,2023-03-05
1678080600,48,Neutral,2023-03-06
1678167000,49,Neutral,2023-03-07
1678253400,50,Neutral,2023-03-08
1678339800,44,Fear,2023-03-09
1678426200,34,Fear,2023-03-10
1678512600,33,Fear,2023-03-11
1678599000,33,Fear,2023-03-12
1678685400,49,Neutral,2023-03-13
1678771800,56,Greed,2023-03-14
1678858200,50,Neutral,2023-03-15
1678944600,52,Neutral,2023-03-16
1679031000,51,Neutral,2023-03-17
1679117400,64,Greed,2023-03-18
1679203800,63,Greed,2023-03-19
1679290200,66,Greed,2023-03-20
1679376600,68,Greed,2023-03-21
1679463000,62,Greed,2023-03-22
1679549400,57,Greed,2023-03-23
1679635800,61,Greed,2023-03-24
1679722200,64,Greed,2023-03-25
1679808600,64,Greed,2023-03-26
1679895000,64,Greed,2023-03-27
1679981400,59,Greed,2023-03-28
1680067800,57,Greed,2023-03-29
1680154200,60,Greed,2023-03-30
1680240600,63,Greed,2023-03-31
1680327000,61,Greed,2023-04-01
1680413400,63,Greed,2023-04-02
1680499800,63,Greed,2023-04-03
1680586200,62,Greed,2023-04-04
1680672600,62,Greed,2023-04-05
1680759000,63,Greed,2023-04-06
1680845400,64,Greed,2023-04-07
1680931800,61,Greed,2023-04-08
1681018200,61,Greed,2023-04-09
1681104600,62,Greed,2023-04-10
1681191000,68,Greed,2023-04-11
1681277400,65,Greed,2023-04-12
1681363800,61,Greed,2023-04-13
1681450200,68,Greed,2023-04-14
1681536600,68,Greed,2023-04-15
1681623000,68,Greed,2023-04-16
1681709400,69,Greed,2023-04-17
1681795800,58,Greed,2023-04-18
1681882200,63,Greed,2023-04-19
1681968600,52,Neutral,2023-04-20
1682055000,50,Neutral,2023-04-21
1682141400,53,Neutral,2023-04-22
1682227800,56,Greed,2023-04-23
1682314200,53,Neutral,2023-04-24
1682400600,53,Neutral,2023-04-25
1682487000,56,Greed,2023-04-26
1682573400,59,Greed,2023-04-27
1682659800,64,Greed,2023-04-28
1682746200,64,Greed,2023-04-29
1682832600,60,Greed,2023-04-30
1682919000,63,Greed,2023-05-01
1683005400,55,Greed,2023-05-02
1683091800,64,Greed,2023-05-03
1683178200,64,Greed,2023-05-04
1683264600,61,Greed,2023-05-05
1683351000,60,Greed,2023-05-06
1683437400,64,Greed,2023-05-07
1683523800,60,Greed,2023-05-08
1683610200,51,Neutral,2023-05-09
1683696600,52,Neutral,2023-05-10
1683783000,52,Neutral,2023-05-11
1683869400,49,Neutral,2023-05-12
1683955800,48,Neutral,2023-05-13
1684042200,48,Neutral,2023-05-14
1684128600,50,Neutral,2023-05-15
1684215000,54,Neutral,2023-05-16
1684301400,50,Neutral,2023-05-17
1684387800,51,Neutral,2023-05-18
1684474200,48,Neutral,2023-05-19
1684560600,48,Neutral,2023-05-20
1684647000,52,Neutral,2023-05-21
1684733400,49,Neutral,2023-05-22
1684819800,50,Neutral,2023-05-23
1684906200,50,Neutral,2023-05-24
1684992600,51,Neutral,2023-05-25
1685079000,49,Neutral,2023-05-26
1685165400,48,Neutral,2023-05-27
1685251800,50,Neutral,2023-05-28
1685338200,52,Neutral,2023-05-29
1685424600,51,Neutral,2023-05-30
1685511000,51,Neutral,2023-05-31
1685597400,52,Neutral,2023-06-01
1685683800,50,Neutral,2023-06-02
1685770200,53,Neutral,2023-06-03
1685856600,52,Neutral,2023-06-04
1685943000,53,Neutral,2023-06-05
1686029400,44,Fear,2023-06-06
1686115800,53,Neutral,2023-06-07
1686202200,50,Neutral,2023-06-08
1686288600,50,Neutral,2023-06-09
1686375000,49,Neutral,2023-06-10
1686461400,47,Neutral,2023-06-11
1686547800,47,Neutral,2023-06-12
1686634200,45,Neutral,2023-06-13
1686720600,46,Neutral,2023-06-14
1686807000,41,Fear,2023-06-15
1686893400,47,Neutral,2023-06-16
1686979800,47,Neutral,2023-06-17
1687066200,49,Neutral,2023-06-18
1687152600,47,Neutral,2023-06-19
1687239000,49,Neutral,2023-06-20
1687325400,59,Greed,2023-06-21
1687411800,65,Greed,2023-06-22
1687498200,65,Greed,2023-06-23
1687584600,62,Greed,2023-06-24
1687671000,64,Greed,2023-06-25
1687757400,55,Greed,2023-06-26
1687843800,59,Greed,2023-06-27
1687930200,62,Greed,2023-06-28
1688016600,54,Neutral,2023-06-29
1688103000,56,Greed,2023-06-30
1688189400,59,Greed,2023-07-01
1688275800,63,Greed,2023-07-02
1688362200,62,Greed,2023-07-03
1688448600,64,Greed,2023-07-04
1688535000,61,Greed,2023-07-05
1688621400,56,Greed,2023-07-06
1688707800,55,Greed,2023-07-07
1688794200,58,Greed,2023-07-08
1688880600,55,Greed,2023-07-09
1688967000,56,Greed,2023-07-10
1689053400,57,Greed,2023-07-11
1689139800,64,Greed,2023-07-12
1689226200,57,Greed,2023-07-13
1689312600,60,Greed,2023-07-14
1689399000,56,Greed,2023-07-15
1689485400,57,Greed,2023-07-16
1689571800,54,Neutral,2023-07-17
1689658200,56,Greed,2023-07-18
1689744600,50,Neutral,2023-07-19
1689831000,56,Greed,2023-07-20
1689917400,50,Neutral,2023-07-21
1690003800,52,Neutral,2023-07-22
1690090200,54,Neutral,2023-07-23
1690176600,55,Greed,2023-07-24
1690263000,50,Neutral,2023-07-25
1690349400,51,Neutral,2023-07-26
1690435800,51,Neutral,2023-07-27
1690522200,52,Neutral,2023-07-28
1690608600,52,Neutral,2023-07-29
1690695000,52,Neutral,2023-07-30
1690781400,50,Neutral,2023-07-31
1690867800,53,Neutral,2023-08-01
1690954200,53,Neutral,2023-08-02
1691040600,52,Neutral,2023-08-03
1691127000,54,Neutral,2023-08-04
1691213400,50,Neutral,2023-08-05
1691299800,49,Neutral,2023-08-06
1691386200,49,Neutral,2023-08-07
1691472600,54,Neutral,2023-08-08
1691559000,50,Neutral,2023-08-09
1691645400,53,Neutral,2023-08-10
1691731800,51,Neutral,2023-08-11
1691818200,54,Neutral,2023-08-12
1691904600,54,Neutral,2023-08-13
1691991000,50,Neutral,2023-08-14
1692077400,53,Neutral,2023-08-15
1692163800,52,Neutral,2023-08-16
1692250200,50,Neutral,2023-08-17
1692336600,37,Fear,2023-08-18
1692423000,39,Fear,2023-08-19
1692509400,37,Fear,2023-08-20
1692595800,38,Fear,2023-08-21
1692682200,37,Fear,2023-08-22
1692768600,37,Fear,2023-08-23
1692855000,41,Fear,2023-08-24
1692941400,39,Fear,2023-08-25
1693027800,38,Fear,2023-08-26
1693114200,38,Fear,2023-08-27
1693200600,39,Fear,2023-08-28
1693287000,39,Fear,2023-08-29
1693373400,49,Neutral,2023-08-30
1693459800,52,Neutral,2023-08-31
1693546200,40,Fear,2023-09-01
1693632600,39,Fear,2023-09-02
1693719000,40,Fear,2023-09-03
1693805400,40,Fear,2023-09-04
1693891800,40,Fear,2023-09-05
1693978200,42,Fear,2023-09-06
1694064600,41,Fear,2023-09-07
1694151000,46,Neutral,2023-09-08
1694237400,41,Fear,2023-09-09
1694323800,40,Fear,2023-09-10
1694410200,40,Fear,2023-09-11
1694496600,30,Fear,2023-09-12
1694583000,41,Fear,2023-09-13
1694669400,45,Neutral,2023-09-14
1694755800,45,Neutral,2023-09-15
1694842200,43,Fear,2023-09-16
1694928600,46,Neutral,2023-09-17
1695015000,46,Neutral,2023-09-18
1695101400,46,Neutral,2023-09-19
1695187800,47,Neutral,2023-09-20
1695274200,47,Neutral,2023-09-21
1695360600,43,Fear,2023-09-22
1695447000,47,Neutral,2023-09-23
1695533400,44,Fear,2023-09-24
1695619800,47,Neutral,2023-09-25
1695706200,46,Neutral,2023-09-26
1695792600,44,Fear,2023-09-27
1695879000,46,Neutral,2023-09-28
1695965400,48,Neutral,2023-09-29
1696051800,47,Neutral,2023-09-30
1696138200,48,Neutral,2023-10-01
1696224600,50,Neutral,2023-10-02
1696311000,50,Neutral,2023-10-03
1696397400,49,Neutral,2023-10-04
1696483800,48,Neutral,2023-10-05
1696570200,50,Neutral,2023-10-06
1696656600,49,Neutral,2023-10-07
1696743000,50,Neutral,2023-10-08
1696829400,50,Neutral,2023-10-09
1696915800,50,Neutral,2023-10-10
1697002200,47,Neutral,2023-10-11
1697088600,45,Neutral,2023-10-12
1697175000,44,Fear,2023-10-13
1697261400,47,Neutral,2023-10-14
1697347800,45,Neutral,2023-10-15
1697434200,47,Neutral,2023-10-16
1697520600,52,Neutral,2023-10-17
1697607000,50,Neutral,2023-10-18
1697693400,52,Neutral,2023-10-19
1697779800,53,Neutral,2023-10-20
1697866200,63,Greed,2023-10-21
1697952600,53,Neutral,2023-10-22
1698039000,53,Neutral,2023-10-23
1698125400,66,Greed,2023-10-24
1698211800,72,Greed,2023-10-25
1698298200,71,Greed,2023-10-26
1698384600,70,Greed,2023-10-27
1698471000,65,Greed,2023-10-28
1698557400,72,Greed,2023-10-29
1698643800,68,Greed,2023-10-30
1698730200,66,Greed,2023-10-31
1698816600,66,Greed,2023-11-01
1698903000,72,Greed,2023-11-02
1698989400,65,Greed,2023-11-03
1699075800,68,Greed,2023-11-04
1699162200,70,Greed,2023-11-05
1699248600,74,Greed,2023-11-06
1699335000,68,Greed,2023-11-07
1699421400,66,Greed,2023-11-08
1699507800,69,Greed,2023-11-09
1699594200,70,Greed,2023-11-10
1699680600,70,Greed,2023-11-11
1699767000,73,Greed,2023-11-12
1699853400,72,Greed,2023-11-13
1699939800,69,Greed,2023-11-14
1700026200,60,Greed,2023-11-15
1700112600,70,Greed,2023-11-16
1700199000,63,Greed,2023-11-17
1700285400,69,Greed,2023-11-18
1700371800,66,Greed,2023-11-19
1700458200,69,Greed,2023-11-20
1700544600,71,Greed,2023-11-21
1700631000,62,Greed,2023-11-22
1700717400,66,Greed,2023-11-23
1700803800,66,Greed,2023-11-24
1700890200,73,Greed,2023-11-25
1700976600,73,Greed,2023-11-26
1701063000,66,Greed,2023-11-27
1701149400,68,Greed,2023-11-28
1701235800,72,Greed,2023-11-29
1701322200,74,Greed,2023-11-30
1701408600,71,Greed,2023-12-01
1701495000,74,Greed,2023-12-02
1701581400,73,Greed,2023-12-03
1701667800,74,Greed,2023-12-04
1701754200,75,Extreme Greed,2023-12-05
1701840600,72,Greed,2023-12-06
1701927000,72,Greed,2023-12-07
1702013400,72,Greed,2023-12-08
1702099800,73,Greed,2023-12-09
1702186200,74,Greed,2023-12-10
1702272600,74,Greed,2023-12-11
1702359000,67,Greed,2023-12-12
1702445400,65,Greed,2023-12-13
1702531800,72,Greed,2023-12-14
1702618200,70,Greed,2023-12-15
1702704600,67,Greed,2023-12-16
1702791000,73,Greed,2023-12-17
1702877400,65,Greed,2023-12-18
1702963800,73,Greed,2023-12-19
1703050200,74,Greed,2023-12-20
1703136600,70,Greed,2023-12-21
1703223000,74,Greed,2023-12-22
1703309400,70,Greed,2023-12-23
1703395800,71,Greed,2023-12-24
1703482200,73,Greed,2023-12-25
1703568600,71,Greed,2023-12-26
1703655000,73,Greed,2023-12-27
1703741400,73,Greed,2023-12-28
1703827800,65,Greed,2023-12-29
1703914200,68,Greed,2023-12-30
1704000600,67,Greed,2023-12-31
1704087000,65,Greed,2024-01-01
1704173400,71,Greed,2024-01-02
1704259800,70,Greed,2024-01-03
1704346200,68,Greed,2024-01-04
1704432600,72,Greed,2024-01-05
1704519000,70,Greed,2024-01-06
1704605400,71,Greed,2024-01-07
1704691800,71,Greed,2024-01-08
1704778200,76,Extreme Greed,2024-01-09
1704864600,73,Greed,2024-01-10
1704951000,76,Extreme Greed,2024-01-11
1705037400,71,Greed,2024-01-12
1705123800,64,Greed,2024-01-13
1705210200,60,Greed,2024-01-14
1705296600,52,Neutral,2024-01-15
1705383000,64,Greed,2024-01-16
1705469400,60,Greed,2024-01-17
1705555800,63,Greed,2024-01-18
1705642200,51,Neutral,2024-01-19
1705728600,52,Neutral,2024-01-20
1705815000,56,Greed,2024-01-21
1705901400,55,Greed,2024-01-22
1705987800,50,Neutral,2024-01-23
1706074200,48,Neutral,2024-01-24
1706160600,52,Neutral,2024-01-25
1706247000,49,Neutral,2024-01-26
1706333400,55,Greed,2024-01-27
1706419800,54,Neutral,2024-01-28
1706506200,55,Greed,2024-01-29
1706592600,61,Greed,2024-01-30
1706679000,60,Greed,2024-01-31
1706765400,63,Greed,2024-02-01
1706851800,63,Greed,2024-02-02
1706938200,60,Greed,2024-02-03
1707024600,60,Greed,2024-02-04
1707111000,60,Greed,2024-02-05
1707197400,64,Greed,2024-02-06
1707283800,62,Greed,2024-02-07
1707370200,66,Greed,2024-02-08
1707456600,72,Greed,2024-02-09
1707543000,74,Greed,2024-02-10
1707629400,71,Greed,2024-02-11
1707715800,70,Greed,2024-02-12
1707802200,79,Extreme Greed,2024-02-13
1707888600,74,Greed,2024-02-14
1707975000,72,Greed,2024-02-15
1708061400,72,Greed,2024-02-16
1708147800,76,Extreme Greed,2024-02-17
1708234200,72,Greed,2024-02-18
1708320600,75,Extreme Greed,2024-02-19
1708407000,72,Greed,2024-02-20
1708493400,78,Extreme Greed,2024-02-21
1708579800,74,Greed,2024-02-22
1708666200,76,Extreme Greed,2024-02-23
1708752600,72,Greed,2024-02-24
1708839000,74,Greed,2024-02-25
1708925400,72,Greed,2024-02-26
1709011800,79,Extreme Greed,2024-02-27
1709098200,82,Extreme Greed,2024-02-28
1709184600,80,Extreme Greed,2024-02-29
1709271000,80,Extreme Greed,2024-03-01
1709357400,80,Extreme Greed,2024-03-02
1709443800,83,Extreme Greed,2024-03-03
1709530200,82,Extreme Greed,2024-03-04
1709616600,90,Extreme Greed,2024-03-05
1709703000,75,Extreme Greed,2024-03-06
1709789400,82,Extreme Greed,2024-03-07
1709875800,81,Extreme Greed,2024-03-08
1709962200,84,Extreme Greed,2024-03-09
1710048600,79,Extreme Greed,2024-03-10
1710135000,82,Extreme Greed,2024-03-11
1710221400,81,Extreme Greed,2024-03-12
1710307800,81,Extreme Greed,2024-03-13
1710394200,88,Extreme Greed,2024-03-14
1710480600,83,Extreme Greed,2024-03-15
1710567000,81,Extreme Greed,2024-03-16
1710653400,79,Extreme Greed,2024-03-17
1710739800,77,Extreme Greed,2024-03-18
1710826200,79,Extreme Greed,2024-03-19
1710912600,74,Greed,2024-03-20
1710999000,78,Extreme Greed,2024-03-21
1711085400,75,Extreme Greed,2024-03-22
1711171800,73,Greed,2024-03-23
1711258200,74,Greed,2024-03-24
1711344600,75,Extreme Greed,2024-03-25
1711431000,81,Extreme Greed,2024-03-26
1711517400,83,Extreme Greed,2024-03-27
1711603800,80,Extreme Greed,2024-03-28
1711690200,79,Extreme Greed,2024-03-29
1711776600,75,Extreme Greed,2024-03-30
1711863000,75,Extreme Greed,2024-03-31
1711949400,79,Extreme Greed,2024-04-01
1712035800,79,Extreme Greed,2024-04-02
1712122200,71,Greed,2024-04-03
1712208600,70,Greed,2024-04-04
1712295000,79,Extreme Greed,2024-04-05
1712381400,75,Extreme Greed,2024-04-06
1712467800,78,Extreme Greed,2024-04-07
1712554200,76,Extreme Greed,2024-04-08
1712640600,80,Extreme Greed,2024-04-09
1712727000,78,Extreme Greed,2024-04-10
1712813400,76,Extreme Greed,2024-04-11
1712899800,79,Extreme Greed,2024-04-12
1712986200,72,Greed,2024-04-13
1713072600,72,Greed,2024-04-14
1713159000,74,Greed,2024-04-15
1713245400,65,Greed,2024-04-16
1713331800,67,Greed,2024-04-17
1713418200,57,Greed,2024-04-18
1713504600,66,Greed,2024-04-19
1713591000,66,Greed,2024-04-20
1713677400,72,Greed,2024-04-21
1713763800,73,Greed,2024-04-22
1713850200,71,Greed,2024-04-23
1713936600,72,Greed,2024-04-24
1714023000,72,Greed,2024-04-25
1714109400,70,Greed,2024-04-26
1714195800,67,Greed,2024-04-27
1714282200,65,Greed,2024-04-28
1714368600,67,Greed,2024-04-29
1714455000,67,Greed,2024-04-30
1714541400,54,Neutral,2024-05-01
1714627800,43,Fear,2024-05-02
1714714200,48,Neutral,2024-05-03
1714800600,67,Greed,2024-05-04
1714887000,69,Greed,2024-05-05
1714973400,71,Greed,2024-05-06
1715059800,68,Greed,2024-05-07
1715146200,64,Greed,2024-05-08
1715232600,55,Greed,2024-05-09
1715319000,66,Greed,2024-05-10
1715405400,53,Neutral,2024-05-11
1715491800,56,Greed,2024-05-12
1715578200,57,Greed,2024-05-13
1715664600,66,Greed,2024-05-14
1715751000,64,Greed,2024-05-15
1715837400,70,Greed,2024-05-16
1715923800,74,Greed,2024-05-17
1716010200,73,Greed,2024-05-18
1716096600,72,Greed,2024-05-19
1716183000,70,Greed,2024-05-20
1716269400,76,Extreme Greed,2024-05-21
1716355800,76,Extreme Greed,2024-05-22
1716442200,76,Extreme Greed,2024-05-23
1716528600,74,Greed,2024-05-24
1716615000,76,Extreme Greed,2024-05-25
1716701400,75,Extreme Greed,2024-05-26
1716787800,74,Greed,2024-05-27
1716874200,72,Greed,2024-05-28
1716960600,72,Greed,2024-05-29
1717047000,73,Greed,2024-05-30
1717133400,73,Greed,2024-05-31
1717219800,72,Greed,2024-06-01
1717306200,73,Greed,2024-06-02
1717392600,73,Greed,2024-06-03
1717479000,73,Greed,2024-06-04
1717565400,75,Extreme Greed,2024-06-05
1717651800,78,Extreme Greed,2024-06-06
1717738200,77,Extreme Greed,2024-06-07
1717824600,72,Greed,2024-06-08
1717911000,75,Extreme Greed,2024-06-09
1717997400,72,Greed,2024-06-10
1718083800,74,Greed,2024-06-11
1718170200,72,Greed,2024-06-12
1718256600,70,Greed,2024-06-13
1718343000,74,Greed,2024-06-14
1718429400,74,Greed,2024-06-15
1718515800,71,Greed,2024-06-16
1718602200,71,Greed,2024-06-17
1718688600,74,Greed,2024-06-18
1718775000,64,Greed,2024-06-19
1718861400,60,Greed,2024-06-20
1718947800,63,Greed,2024-06-21
1719034200,53,Neutral,2024-06-22
1719120600,55,Greed,2024-06-23
1719207000,51,Neutral,2024-06-24
1719293400,30,Fear,2024-06-25
1719379800,46,Neutral,2024-06-26
1719466200,40,Fear,2024-06-27
1719552600,47,Neutral,2024-06-28
1719639000,30,Fear,2024-06-29
1719725400,47,Neutral,2024-06-30
1719811800,53,Neutral,2024-07-01
1719898200,51,Neutral,2024-07-02
1719984600,50,Neutral,2024-07-03
1720071000,44,Fear,2024-07-04
1720157400,29,Fear,2024-07-05
1720243800,26,Fear,2024-07-06
1720330200,29,Fear,2024-07-07
1720416600,28,Fear,2024-07-08
1720503000,27,Fear,2024-07-09
1720589400,28,Fear,2024-07-10
1720675800,29,Fear,2024-07-11
1720762200,25,Fear,2024-07-12
1720848600,25,Fear,2024-07-13
1720935000,33,Fear,2024-07-14
1721021400,52,Neutral,2024-07-15
1721107800,65,Greed,2024-07-16
1721194200,69,Greed,2024-07-17
1721280600,61,Greed,2024-07-18
1721367000,60,Greed,2024-07-19
1721453400,74,Greed,2024-07-20
1721539800,74,Greed,2024-07-21
1721626200,70,Greed,2024-07-22
1721712600,71,Greed,2024-07-23
1721799000,69,Greed,2024-07-24
1721885400,68,Greed,2024-07-25
1721971800,68,Greed,2024-07-26
1722058200,72,Greed,2024-07-27
1722144600,71,Greed,2024-07-28
1722231000,74,Greed,2024-07-29
1722317400,67,Greed,2024-07-30
1722403800,61,Greed,2024-07-31
1722490200,52,Neutral,2024-08-01
1722576600,57,Greed,2024-08-02
1722663000,37,Fear,2024-08-03
1722749400,34,Fear,2024-08-04
1722835800,26,Fear,2024-08-05
1722922200,17,Extreme Fear,2024-08-06
1723008600,29,Fear,2024-08-07
1723095000,20,Extreme Fear,2024-08-08
1723181400,48,Neutral,2024-08-09
1723267800,40,Fear,2024-08-10
1723354200,39,Fear,2024-08-11
1723440600,25,Fear,2024-08-12
1723527000,31,Fear,2024-08-13
1723613400,30,Fear,2024-08-14
1723699800,29,Fear,2024-08-15
1723786200,27,Fear,2024-08-16
1723872600,25,Fear,2024-08-17
1723959000,31,Fear,2024-08-18
1724045400,28,Fear,2024-08-19
1724131800,30,Fear,2024-08-20
1724218200,26,Fear,2024-08-21
1724304600,39,Fear,2024-08-22
1724391000,34,Fear,2024-08-23
1724477400,56,Greed,2024-08-24
1724563800,54,Neutral,2024-08-25
1724650200,55,Greed,2024-08-26
1724736600,48,Neutral,2024-08-27
1724823000,30,Fear,2024-08-28
1724909400,29,Fear,2024-08-29
1724995800,34,Fear,2024-08-30
1725082200,29,Fear,2024-08-31
1725168600,26,Fear,2024-09-01
1725255000,26,Fear,2024-09-02
1725341400,26,Fear,2024-09-03
1725427800,27,Fear,2024-09-04
1725514200,29,Fear,2024-09-05
1725600600,22,Extreme Fear,2024-09-06
1725687000,23,Extreme Fear,2024-09-07
1725773400,29,Fear,2024-09-08
1725859800,26,Fear,2024-09-09
1725946200,33,Fear,2024-09-10
1726032600,37,Fear,2024-09-11
1726119000,31,Fear,2024-09-12
1726205400,32,Fear,2024-09-13
1726291800,50,Neutral,2024-09-14
1726378200,51,Neutral,2024-09-15
1726464600,39,Fear,2024-09-16
1726551000,33,Fear,2024-09-17
1726637400,45,Neutral,2024-09-18
1726723800,49,Neutral,2024-09-19
1726810200,54,Neutral,2024-09-20
1726896600,54,Neutral,2024-09-21
1726983000,52,Neutral,2024-09-22
1727069400,50,Neutral,2024-09-23
1727155800,54,Neutral,2024-09-24
1727242200,59,Greed,2024-09-25
1727328600,50,Neutral,2024-09-26
1727415000,61,Greed,2024-09-27
1727501400,64,Greed,2024-09-28
1727587800,63,Greed,2024-09-29
1727674200,61,Greed,2024-09-30
1727760600,50,Neutral,2024-10-01
1727847000,42,Fear,2024-10-02
1727933400,37,Fear,2024-10-03
1728019800,41,Fear,2024-10-04
1728106200,49,Neutral,2024-10-05
1728192600,50,Neutral,2024-10-06
1728279000,50,Neutral,2024-10-07
1728365400,49,Neutral,2024-10-08
1728451800,49,Neutral,2024-10-09
1728538200,39,Fear,2024-10-10
1728624600,32,Fear,2024-10-11
1728711000,49,Neutral,2024-10-12
1728797400,50,Neutral,2024-10-13
1728883800,48,Neutral,2024-10-14
1728970200,65,Greed,2024-10-15
1729056600,73,Greed,2024-10-16
1729143000,71,Greed,2024-10-17
1729229400,73,Greed,2024-10-18
1729315800,72,Greed,2024-10-19
1729402200,73,Greed,2024-10-20
1729488600,72,Greed,2024-10-21
1729575000,70,Greed,2024-10-22
1729661400,71,Greed,2024-10-23
1729747800,69,Greed,2024-10-24
1729834200,72,Greed,2024-10-25
1730007000,74,Greed,2024-10-27
1730093400,72,Greed,2024-10-28
1730179800,72,Greed,2024-10-29
1730266200,77,Extreme Greed,2024-10-30
1730352600,77,Extreme Greed,2024-10-31
1730439000,75,Extreme Greed,2024-11-01
1730525400,72,Greed,2024-11-02
1730611800,74,Greed,2024-11-03
1730698200,70,Greed,2024-11-04
1730784600,70,Greed,2024-11-05
1730871000,70,Greed,2024-11-06
1730957400,77,Extreme Greed,2024-11-07
1731043800,75,Extreme Greed,2024-11-08
1731130200,75,Extreme Greed,2024-11-09
1731216600,78,Extreme Greed,2024-11-10
1731303000,76,Extreme Greed,2024-11-11
1731389400,80,Extreme Greed,2024-11-12
1731475800,84,Extreme Greed,2024-11-13
1731562200,88,Extreme Greed,2024-11-14
1731648600,80,Extreme Greed,2024-11-15
1731735000,86,Extreme Greed,2024-11-16
1731821400,90,Extreme Greed,2024-11-17
1731907800,83,Extreme Greed,2024-11-18
1731994200,90,Extreme Greed,2024-11-19
1732080600,83,Extreme Greed,2024-11-20
1732167000,82,Extreme Greed,2024-11-21
1732253400,94,Extreme Greed,2024-11-22
1732339800,93,Extreme Greed,2024-11-23
1732426200,80,Extreme Greed,2024-11-24
1732512600,82,Extreme Greed,2024-11-25
1732599000,79,Extreme Greed,2024-11-26
1732685400,75,Extreme Greed,2024-11-27
1732771800,77,Extreme Greed,2024-11-28
1732858200,78,Extreme Greed,2024-11-29
1732944600,84,Extreme Greed,2024-11-30
1733031000,81,Extreme Greed,2024-12-01
1733117400,80,Extreme Greed,2024-12-02
1733203800,76,Extreme Greed,2024-12-03
1733290200,78,Extreme Greed,2024-12-04
1733376600,84,Extreme Greed,2024-12-05
1733463000,72,Greed,2024-12-06
1733549400,75,Extreme Greed,2024-12-07
1733635800,79,Extreme Greed,2024-12-08
1733722200,78,Extreme Greed,2024-12-09
1733808600,78,Extreme Greed,2024-12-10
1733895000,74,Greed,2024-12-11
1733981400,83,Extreme Greed,2024-12-12
1734067800,76,Extreme Greed,2024-12-13
1734154200,83,Extreme Greed,2024-12-14
1734240600,80,Extreme Greed,2024-12-15
1734327000,83,Extreme Greed,2024-12-16
1734413400,87,Extreme Greed,2024-12-17
1734499800,81,Extreme Greed,2024-12-18
1734586200,75,Extreme Greed,2024-12-19
1734672600,74,Greed,2024-12-20
1734759000,73,Greed,2024-12-21
1734845400,73,Greed,2024-12-22
1734931800,70,Greed,2024-12-23
1735018200,73,Greed,2024-12-24
1735104600,73,Greed,2024-12-25
1735191000,79,Extreme Greed,2024-12-26
1735277400,74,Greed,2024-12-27
1735363800,72,Greed,2024-12-28
1735450200,73,Greed,2024-12-29
1735536600,65,Greed,2024-12-30
1735623000,64,Greed,2024-12-31
1735709400,66,Greed,2025-01-01
1735795800,70,Greed,2025-01-02
1735882200,74,Greed,2025-01-03
1735968600,73,Greed,2025-01-04
1736055000,72,Greed,2025-01-05
1736141400,76,Extreme Greed,2025-01-06
1736227800,78,Extreme Greed,2025-01-07
1736314200,70,Greed,2025-01-08
1736400600,69,Greed,2025-01-09
1736487000,50,Neutral,2025-01-10
1736573400,69,Greed,2025-01-11
1736659800,62,Greed,2025-01-12
1736746200,61,Greed,2025-01-13
1736832600,63,Greed,2025-01-14
1736919000,70,Greed,2025-01-15
1737005400,75,Extreme Greed,2025-01-16
1737091800,75,Extreme Greed,2025-01-17
1737178200,77,Extreme Greed,2025-01-18
1737264600,77,Extreme Greed,2025-01-19
1737351000,76,Extreme Greed,2025-01-20
1737437400,76,Extreme Greed,2025-01-21
1737523800,84,Extreme Greed,2025-01-22
1737610200,75,Extreme Greed,2025-01-23
1737696600,75,Extreme Greed,2025-01-24
1737783000,75,Extreme Greed,2025-01-25
1737869400,73,Greed,2025-01-26
1737955800,71,Greed,2025-01-27
1738042200,72,Greed,2025-01-28
1738128600,72,Greed,2025-01-29
1738215000,70,Greed,2025-01-30
1738301400,76,Extreme Greed,2025-01-31
1738387800,68,Greed,2025-02-01
1738474200,60,Greed,2025-02-02
1738560600,44,Fear,2025-02-03
1738647000,72,Greed,2025-02-04
1738733400,54,Neutral,2025-02-05
1738819800,49,Neutral,2025-02-06
1738906200,44,Fear,2025-02-07
1738992600,44,Fear,2025-02-08
1739079000,46,Neutral,2025-02-09
1739165400,43,Fear,2025-02-10
1739251800,47,Neutral,2025-02-11
1739338200,46,Neutral,2025-02-12
1739424600,50,Neutral,2025-02-13
1739511000,48,Neutral,2025-02-14
1739597400,50,Neutral,2025-02-15
1739683800,54,Neutral,2025-02-16
1739770200,51,Neutral,2025-02-17
1739856600,47,Neutral,2025-02-18
1739943000,44,Fear,2025-02-19
1740029400,49,Neutral,2025-02-20
1740115800,55,Greed,2025-02-21
1740202200,49,Neutral,2025-02-22
1740288600,50,Neutral,2025-02-23
1740375000,49,Neutral,2025-02-24
1740461400,25,Fear,2025-02-25
1740547800,21,Extreme Fear,2025-02-26
1740634200,10,Extreme Fear,2025-02-27
1740720600,16,Extreme Fear,2025-02-28
1740807000,20,Extreme Fear,2025-03-01
1740893400,26,Fear,2025-03-02
1740979800,33,Fear,2025-03-03
1741066200,15,Extreme Fear,2025-03-04
1741152600,20,Extreme Fear,2025-03-05
1741239000,25,Fear,2025-03-06
1741325400,34,Fear,2025-03-07
1741411800,28,Fear,2025-03-08
1741498200,27,Fear,2025-03-09
1741584600,20,Extreme Fear,2025-03-10
1741671000,24,Extreme Fear,2025-03-11
1741757400,34,Fear,2025-03-12
1741843800,45,Neutral,2025-03-13
1741930200,27,Fear,2025-03-14
1742016600,46,Neutral,2025-03-15
1742103000,30,Fear,2025-03-16
1742189400,32,Fear,2025-03-17
1742275800,34,Fear,2025-03-18
1742362200,32,Fear,2025-03-19
1742448600,49,Neutral,2025-03-20
1742535000,31,Fear,2025-03-21
1742621400,32,Fear,2025-03-22
1742707800,30,Fear,2025-03-23
1742794200,45,Neutral,2025-03-24
1742880600,46,Neutral,2025-03-25
1742967000,47,Neutral,2025-03-26
1743053400,40,Fear,2025-03-27
1743139800,44,Fear,2025-03-28
1743226200,26,Fear,2025-03-29
1743312600,32,Fear,2025-03-30
1743399000,34,Fear,2025-03-31
1743485400,34,Fear,2025-04-01
1743571800,44,Fear,2025-04-02
1743658200,25,Fear,2025-04-03
1743744600,28,Fear,2025-04-04
1743831000,30,Fear,2025-04-05
1743917400,34,Fear,2025-04-06
1744003800,23,Extreme Fear,2025-04-07
1744090200,24,Extreme Fear,2025-04-08
1744176600,18,Extreme Fear,2025-04-09
1744263000,39,Fear,2025-04-10
1744349400,25,Fear,2025-04-11
1744435800,43,Fear,2025-04-12
1744522200,45,Neutral,2025-04-13
1744608600,31,Fear,2025-04-14
1744695000,38,Fear,2025-04-15
1744781400,29,Fear,2025-04-16
1744867800,30,Fear,2025-04-17
1744954200,33,Fear,2025-04-18
1745040600,32,Fear,2025-04-19
1745127000,37,Fear,2025-04-20
1745213400,39,Fear,2025-04-21
1745299800,47,Neutral,2025-04-22
1745386200,72,Greed,2025-04-23
1745472600,63,Greed,2025-04-24
1745559000,60,Greed,2025-04-25
1745645400,65,Greed,2025-04-26
1745731800,61,Greed,2025-04-27
1745818200,54,Neutral,2025-04-28
1745904600,60,Greed,2025-04-29
1745991000,56,Greed,2025-04-30
1746077400,53,Neutral,2025-05-01
1746163800,67,Greed,2025-05-02
